week,product_id,qty
2023-01-02,1_1,60
2023-01-09,1_1,67
2023-01-16,1_1,64
2023-01-23,1_1,66
2023-01-30,1_1,60
2023-02-06,1_1,55
2023-02-13,1_1,60
2023-02-20,1_1,74
2023-02-27,1_1,53
2023-03-06,1_1,65
2023-03-13,1_1,57
2023-03-20,1_1,58
2023-03-27,1_1,71
2023-04-03,1_1,63
2023-04-10,1_1,58
2023-04-17,1_1,53
2023-04-24,1_1,64
2023-05-01,1_1,57
2023-05-08,1_1,64
2023-05-15,1_1,65
2023-05-22,1_1,65
2023-05-29,1_1,51
2023-06-05,1_1,65
2023-06-12,1_1,62
2023-06-19,1_1,68
2023-06-26,1_1,62
2023-07-03,1_1,59
2023-07-10,1_1,66
2023-07-17,1_1,64
2023-07-24,1_1,60
2023-07-31,1_1,55
2023-08-07,1_1,62
2023-08-14,1_1,58
2023-08-21,1_1,65
2023-08-28,1_1,65
2023-09-04,1_1,65
2023-09-11,1_1,62
2023-09-18,1_1,54
2023-09-25,1_1,62
2023-10-02,1_1,54
2023-10-09,1_1,63
2023-10-16,1_1,66
2023-10-23,1_1,58
2023-10-30,1_1,70
2023-11-06,1_1,55
2023-11-13,1_1,65
2023-11-20,1_1,66
2023-11-27,1_1,56
2023-12-04,1_1,58
2023-12-11,1_1,60
2023-12-18,1_1,64
2023-01-02,1_10,52
2023-01-09,1_10,55
2023-01-16,1_10,62
2023-01-23,1_10,57
2023-01-30,1_10,62
2023-02-06,1_10,68
2023-02-13,1_10,56
2023-02-20,1_10,61
2023-02-27,1_10,69
2023-03-06,1_10,58
2023-03-13,1_10,55
2023-03-20,1_10,68
2023-03-27,1_10,56
2023-04-03,1_10,64
2023-04-10,1_10,59
2023-04-17,1_10,60
2023-04-24,1_10,51
2023-05-01,1_10,65
2023-05-08,1_10,53
2023-05-15,1_10,55
2023-05-22,1_10,65
2023-05-29,1_10,50
2023-06-05,1_10,68
2023-06-12,1_10,62
2023-06-19,1_10,57
2023-06-26,1_10,58
2023-07-03,1_10,67
2023-07-10,1_10,54
2023-07-17,1_10,65
2023-07-24,1_10,63
2023-07-31,1_10,64
2023-08-07,1_10,59
2023-08-14,1_10,68
2023-08-21,1_10,61
2023-08-28,1_10,68
2023-09-04,1_10,52
2023-09-11,1_10,62
2023-09-18,1_10,60
2023-09-25,1_10,72
2023-10-02,1_10,52
2023-10-09,1_10,68
2023-10-16,1_10,56
2023-10-23,1_10,64
2023-10-30,1_10,66
2023-11-06,1_10,60
2023-11-13,1_10,61
2023-11-20,1_10,61
2023-11-27,1_10,59
2023-12-04,1_10,67
2023-12-11,1_10,56
2023-12-18,1_10,65
2023-01-02,1_11,53
2023-01-09,1_11,65
2023-01-16,1_11,52
2023-01-23,1_11,59
2023-01-30,1_11,68
2023-02-06,1_11,54
2023-02-13,1_11,67
2023-02-20,1_11,63
2023-02-27,1_11,63
2023-03-06,1_11,63
2023-03-13,1_11,61
2023-03-20,1_11,56
2023-03-27,1_11,67
2023-04-03,1_11,59
2023-04-10,1_11,60
2023-04-17,1_11,69
2023-04-24,1_11,70
2023-05-01,1_11,52
2023-05-08,1_11,63
2023-05-15,1_11,61
2023-05-22,1_11,54
2023-05-29,1_11,72
2023-06-05,1_11,57
2023-06-12,1_11,57
2023-06-19,1_11,56
2023-06-26,1_11,66
2023-07-03,1_11,54
2023-07-10,1_11,59
2023-07-17,1_11,62
2023-07-24,1_11,68
2023-07-31,1_11,59
2023-08-07,1_11,61
2023-08-14,1_11,57
2023-08-21,1_11,60
2023-08-28,1_11,62
2023-09-04,1_11,47
2023-09-11,1_11,64
2023-09-18,1_11,65
2023-09-25,1_11,61
2023-10-02,1_11,55
2023-10-09,1_11,71
2023-10-16,1_11,55
2023-10-23,1_11,65
2023-10-30,1_11,68
2023-11-06,1_11,52
2023-11-13,1_11,59
2023-11-20,1_11,60
2023-11-27,1_11,64
2023-12-04,1_11,57
2023-12-11,1_11,57
2023-12-18,1_11,60
2023-01-02,1_12,60
2023-01-09,1_12,53
2023-01-16,1_12,73
2023-01-23,1_12,65
2023-01-30,1_12,58
2023-02-06,1_12,70
2023-02-13,1_12,49
2023-02-20,1_12,56
2023-02-27,1_12,69
2023-03-06,1_12,67
2023-03-13,1_12,58
2023-03-20,1_12,69
2023-03-27,1_12,66
2023-04-03,1_12,56
2023-04-10,1_12,64
2023-04-17,1_12,66
2023-04-24,1_12,54
2023-05-01,1_12,61
2023-05-08,1_12,70
2023-05-15,1_12,53
2023-05-22,1_12,59
2023-05-29,1_12,61
2023-06-05,1_12,67
2023-06-12,1_12,56
2023-06-19,1_12,62
2023-06-26,1_12,60
2023-07-03,1_12,55
2023-07-10,1_12,65
2023-07-17,1_12,63
2023-07-24,1_12,55
2023-07-31,1_12,55
2023-08-07,1_12,63
2023-08-14,1_12,73
2023-08-21,1_12,54
2023-08-28,1_12,65
2023-09-04,1_12,59
2023-09-11,1_12,61
2023-09-18,1_12,62
2023-09-25,1_12,61
2023-10-02,1_12,59
2023-10-09,1_12,63
2023-10-16,1_12,69
2023-10-23,1_12,54
2023-10-30,1_12,57
2023-11-06,1_12,60
2023-11-13,1_12,65
2023-11-20,1_12,58
2023-11-27,1_12,51
2023-12-04,1_12,63
2023-12-11,1_12,71
2023-12-18,1_12,49
2023-01-02,1_13,59
2023-01-09,1_13,65
2023-01-16,1_13,56
2023-01-23,1_13,58
2023-01-30,1_13,65
2023-02-06,1_13,52
2023-02-13,1_13,62
2023-02-20,1_13,61
2023-02-27,1_13,60
2023-03-06,1_13,60
2023-03-13,1_13,57
2023-03-20,1_13,58
2023-03-27,1_13,53
2023-04-03,1_13,71
2023-04-10,1_13,58
2023-04-17,1_13,58
2023-04-24,1_13,59
2023-05-01,1_13,52
2023-05-08,1_13,62
2023-05-15,1_13,55
2023-05-22,1_13,73
2023-05-29,1_13,54
2023-06-05,1_13,65
2023-06-12,1_13,64
2023-06-19,1_13,55
2023-06-26,1_13,59
2023-07-03,1_13,57
2023-07-10,1_13,58
2023-07-17,1_13,52
2023-07-24,1_13,57
2023-07-31,1_13,55
2023-08-07,1_13,68
2023-08-14,1_13,51
2023-08-21,1_13,61
2023-08-28,1_13,58
2023-09-04,1_13,49
2023-09-11,1_13,58
2023-09-18,1_13,66
2023-09-25,1_13,64
2023-10-02,1_13,59
2023-10-09,1_13,62
2023-10-16,1_13,60
2023-10-23,1_13,62
2023-10-30,1_13,64
2023-11-06,1_13,60
2023-11-13,1_13,69
2023-11-20,1_13,59
2023-11-27,1_13,63
2023-12-04,1_13,56
2023-12-11,1_13,56
2023-12-18,1_13,66
2023-01-02,1_14,62
2023-01-09,1_14,61
2023-01-16,1_14,67
2023-01-23,1_14,62
2023-01-30,1_14,60
2023-02-06,1_14,55
2023-02-13,1_14,55
2023-02-20,1_14,70
2023-02-27,1_14,53
2023-03-06,1_14,60
2023-03-13,1_14,56
2023-03-20,1_14,68
2023-03-27,1_14,52
2023-04-03,1_14,51
2023-04-10,1_14,59
2023-04-17,1_14,62
2023-04-24,1_14,60
2023-05-01,1_14,55
2023-05-08,1_14,67
2023-05-15,1_14,50
2023-05-22,1_14,62
2023-05-29,1_14,61
2023-06-05,1_14,70
2023-06-12,1_14,53
2023-06-19,1_14,70
2023-06-26,1_14,62
2023-07-03,1_14,51
2023-07-10,1_14,58
2023-07-17,1_14,60
2023-07-24,1_14,60
2023-07-31,1_14,64
2023-08-07,1_14,55
2023-08-14,1_14,54
2023-08-21,1_14,58
2023-08-28,1_14,50
2023-09-04,1_14,61
2023-09-11,1_14,55
2023-09-18,1_14,70
2023-09-25,1_14,52
2023-10-02,1_14,63
2023-10-09,1_14,61
2023-10-16,1_14,56
2023-10-23,1_14,61
2023-10-30,1_14,61
2023-11-06,1_14,62
2023-11-13,1_14,65
2023-11-20,1_14,53
2023-11-27,1_14,62
2023-12-04,1_14,55
2023-12-11,1_14,55
2023-12-18,1_14,55
2023-01-02,1_15,62
2023-01-09,1_15,65
2023-01-16,1_15,60
2023-01-23,1_15,54
2023-01-30,1_15,68
2023-02-06,1_15,64
2023-02-13,1_15,57
2023-02-20,1_15,64
2023-02-27,1_15,73
2023-03-06,1_15,52
2023-03-13,1_15,71
2023-03-20,1_15,61
2023-03-27,1_15,62
2023-04-03,1_15,61
2023-04-10,1_15,59
2023-04-17,1_15,58
2023-04-24,1_15,71
2023-05-01,1_15,53
2023-05-08,1_15,58
2023-05-15,1_15,59
2023-05-22,1_15,61
2023-05-29,1_15,70
2023-06-05,1_15,57
2023-06-12,1_15,63
2023-06-19,1_15,65
2023-06-26,1_15,53
2023-07-03,1_15,63
2023-07-10,1_15,53
2023-07-17,1_15,59
2023-07-24,1_15,71
2023-07-31,1_15,57
2023-08-07,1_15,56
2023-08-14,1_15,62
2023-08-21,1_15,50
2023-08-28,1_15,57
2023-09-04,1_15,67
2023-09-11,1_15,53
2023-09-18,1_15,57
2023-09-25,1_15,66
2023-10-02,1_15,63
2023-10-09,1_15,60
2023-10-16,1_15,67
2023-10-23,1_15,56
2023-10-30,1_15,58
2023-11-06,1_15,60
2023-11-13,1_15,59
2023-11-20,1_15,60
2023-11-27,1_15,61
2023-12-04,1_15,58
2023-12-11,1_15,62
2023-12-18,1_15,59
2023-01-02,1_16,58
2023-01-09,1_16,51
2023-01-16,1_16,69
2023-01-23,1_16,56
2023-01-30,1_16,64
2023-02-06,1_16,64
2023-02-13,1_16,58
2023-02-20,1_16,60
2023-02-27,1_16,59
2023-03-06,1_16,71
2023-03-13,1_16,59
2023-03-20,1_16,65
2023-03-27,1_16,65
2023-04-03,1_16,60
2023-04-10,1_16,70
2023-04-17,1_16,56
2023-04-24,1_16,60
2023-05-01,1_16,66
2023-05-08,1_16,57
2023-05-15,1_16,65
2023-05-22,1_16,50
2023-05-29,1_16,68
2023-06-05,1_16,56
2023-06-12,1_16,61
2023-06-19,1_16,61
2023-06-26,1_16,48
2023-07-03,1_16,58
2023-07-10,1_16,62
2023-07-17,1_16,67
2023-07-24,1_16,68
2023-07-31,1_16,65
2023-08-07,1_16,61
2023-08-14,1_16,55
2023-08-21,1_16,71
2023-08-28,1_16,56
2023-09-04,1_16,51
2023-09-11,1_16,64
2023-09-18,1_16,65
2023-09-25,1_16,65
2023-10-02,1_16,56
2023-10-09,1_16,57
2023-10-16,1_16,65
2023-10-23,1_16,55
2023-10-30,1_16,63
2023-11-06,1_16,54
2023-11-13,1_16,66
2023-11-20,1_16,51
2023-11-27,1_16,68
2023-12-04,1_16,67
2023-12-11,1_16,53
2023-12-18,1_16,56
2023-01-02,1_17,60
2023-01-09,1_17,56
2023-01-16,1_17,70
2023-01-23,1_17,57
2023-01-30,1_17,54
2023-02-06,1_17,58
2023-02-13,1_17,62
2023-02-20,1_17,56
2023-02-27,1_17,61
2023-03-06,1_17,68
2023-03-13,1_17,63
2023-03-20,1_17,56
2023-03-27,1_17,55
2023-04-03,1_17,53
2023-04-10,1_17,70
2023-04-17,1_17,47
2023-04-24,1_17,62
2023-05-01,1_17,60
2023-05-08,1_17,56
2023-05-15,1_17,64
2023-05-22,1_17,62
2023-05-29,1_17,57
2023-06-05,1_17,56
2023-06-12,1_17,64
2023-06-19,1_17,56
2023-06-26,1_17,62
2023-07-03,1_17,55
2023-07-10,1_17,67
2023-07-17,1_17,65
2023-07-24,1_17,58
2023-07-31,1_17,65
2023-08-07,1_17,61
2023-08-14,1_17,60
2023-08-21,1_17,59
2023-08-28,1_17,56
2023-09-04,1_17,69
2023-09-11,1_17,67
2023-09-18,1_17,52
2023-09-25,1_17,65
2023-10-02,1_17,61
2023-10-09,1_17,53
2023-10-16,1_17,63
2023-10-23,1_17,55
2023-10-30,1_17,52
2023-11-06,1_17,60
2023-11-13,1_17,62
2023-11-20,1_17,60
2023-11-27,1_17,68
2023-12-04,1_17,52
2023-12-11,1_17,66
2023-12-18,1_17,64
2023-01-02,1_18,54
2023-01-09,1_18,70
2023-01-16,1_18,51
2023-01-23,1_18,63
2023-01-30,1_18,49
2023-02-06,1_18,68
2023-02-13,1_18,60
2023-02-20,1_18,55
2023-02-27,1_18,62
2023-03-06,1_18,64
2023-03-13,1_18,64
2023-03-20,1_18,54
2023-03-27,1_18,68
2023-04-03,1_18,68
2023-04-10,1_18,60
2023-04-17,1_18,57
2023-04-24,1_18,65
2023-05-01,1_18,66
2023-05-08,1_18,63
2023-05-15,1_18,55
2023-05-22,1_18,64
2023-05-29,1_18,61
2023-06-05,1_18,60
2023-06-12,1_18,60
2023-06-19,1_18,58
2023-06-26,1_18,54
2023-07-03,1_18,57
2023-07-10,1_18,69
2023-07-17,1_18,58
2023-07-24,1_18,60
2023-07-31,1_18,62
2023-08-07,1_18,58
2023-08-14,1_18,65
2023-08-21,1_18,62
2023-08-28,1_18,55
2023-09-04,1_18,62
2023-09-11,1_18,54
2023-09-18,1_18,54
2023-09-25,1_18,66
2023-10-02,1_18,60
2023-10-09,1_18,65
2023-10-16,1_18,64
2023-10-23,1_18,60
2023-10-30,1_18,62
2023-11-06,1_18,59
2023-11-13,1_18,59
2023-11-20,1_18,70
2023-11-27,1_18,62
2023-12-04,1_18,60
2023-12-11,1_18,62
2023-12-18,1_18,67
2023-01-02,1_19,57
2023-01-09,1_19,68
2023-01-16,1_19,59
2023-01-23,1_19,63
2023-01-30,1_19,51
2023-02-06,1_19,71
2023-02-13,1_19,65
2023-02-20,1_19,70
2023-02-27,1_19,66
2023-03-06,1_19,66
2023-03-13,1_19,60
2023-03-20,1_19,67
2023-03-27,1_19,55
2023-04-03,1_19,59
2023-04-10,1_19,62
2023-04-17,1_19,64
2023-04-24,1_19,56
2023-05-01,1_19,61
2023-05-08,1_19,70
2023-05-15,1_19,54
2023-05-22,1_19,66
2023-05-29,1_19,61
2023-06-05,1_19,54
2023-06-12,1_19,61
2023-06-19,1_19,65
2023-06-26,1_19,57
2023-07-03,1_19,64
2023-07-10,1_19,60
2023-07-17,1_19,56
2023-07-24,1_19,60
2023-07-31,1_19,73
2023-08-07,1_19,55
2023-08-14,1_19,70
2023-08-21,1_19,65
2023-08-28,1_19,57
2023-09-04,1_19,59
2023-09-11,1_19,60
2023-09-18,1_19,64
2023-09-25,1_19,54
2023-10-02,1_19,55
2023-10-09,1_19,70
2023-10-16,1_19,49
2023-10-23,1_19,72
2023-10-30,1_19,62
2023-11-06,1_19,59
2023-11-13,1_19,56
2023-11-20,1_19,68
2023-11-27,1_19,62
2023-12-04,1_19,63
2023-12-11,1_19,66
2023-12-18,1_19,57
2023-01-02,1_2,58
2023-01-09,1_2,73
2023-01-16,1_2,61
2023-01-23,1_2,55
2023-01-30,1_2,58
2023-02-06,1_2,66
2023-02-13,1_2,63
2023-02-20,1_2,56
2023-02-27,1_2,62
2023-03-06,1_2,55
2023-03-13,1_2,63
2023-03-20,1_2,69
2023-03-27,1_2,66
2023-04-03,1_2,59
2023-04-10,1_2,53
2023-04-17,1_2,65
2023-04-24,1_2,58
2023-05-01,1_2,65
2023-05-08,1_2,68
2023-05-15,1_2,57
2023-05-22,1_2,60
2023-05-29,1_2,56
2023-06-05,1_2,63
2023-06-12,1_2,60
2023-06-19,1_2,62
2023-06-26,1_2,70
2023-07-03,1_2,49
2023-07-10,1_2,57
2023-07-17,1_2,66
2023-07-24,1_2,54
2023-07-31,1_2,60
2023-08-07,1_2,65
2023-08-14,1_2,54
2023-08-21,1_2,69
2023-08-28,1_2,58
2023-09-04,1_2,65
2023-09-11,1_2,64
2023-09-18,1_2,61
2023-09-25,1_2,56
2023-10-02,1_2,69
2023-10-09,1_2,52
2023-10-16,1_2,63
2023-10-23,1_2,58
2023-10-30,1_2,68
2023-11-06,1_2,61
2023-11-13,1_2,64
2023-11-20,1_2,66
2023-11-27,1_2,62
2023-12-04,1_2,59
2023-12-11,1_2,57
2023-12-18,1_2,73
2023-01-02,1_20,67
2023-01-09,1_20,53
2023-01-16,1_20,73
2023-01-23,1_20,57
2023-01-30,1_20,68
2023-02-06,1_20,61
2023-02-13,1_20,61
2023-02-20,1_20,65
2023-02-27,1_20,58
2023-03-06,1_20,67
2023-03-13,1_20,57
2023-03-20,1_20,60
2023-03-27,1_20,57
2023-04-03,1_20,62
2023-04-10,1_20,63
2023-04-17,1_20,58
2023-04-24,1_20,53
2023-05-01,1_20,63
2023-05-08,1_20,59
2023-05-15,1_20,65
2023-05-22,1_20,64
2023-05-29,1_20,61
2023-06-05,1_20,60
2023-06-12,1_20,58
2023-06-19,1_20,58
2023-06-26,1_20,66
2023-07-03,1_20,58
2023-07-10,1_20,65
2023-07-17,1_20,63
2023-07-24,1_20,56
2023-07-31,1_20,56
2023-08-07,1_20,56
2023-08-14,1_20,67
2023-08-21,1_20,51
2023-08-28,1_20,71
2023-09-04,1_20,61
2023-09-11,1_20,51
2023-09-18,1_20,67
2023-09-25,1_20,56
2023-10-02,1_20,61
2023-10-09,1_20,62
2023-10-16,1_20,57
2023-10-23,1_20,55
2023-10-30,1_20,49
2023-11-06,1_20,68
2023-11-13,1_20,58
2023-11-20,1_20,59
2023-11-27,1_20,63
2023-12-04,1_20,62
2023-12-11,1_20,62
2023-12-18,1_20,67
2023-01-02,1_3,53
2023-01-09,1_3,67
2023-01-16,1_3,59
2023-01-23,1_3,63
2023-01-30,1_3,61
2023-02-06,1_3,64
2023-02-13,1_3,59
2023-02-20,1_3,49
2023-02-27,1_3,58
2023-03-06,1_3,67
2023-03-13,1_3,63
2023-03-20,1_3,62
2023-03-27,1_3,54
2023-04-03,1_3,68
2023-04-10,1_3,55
2023-04-17,1_3,56
2023-04-24,1_3,60
2023-05-01,1_3,54
2023-05-08,1_3,63
2023-05-15,1_3,63
2023-05-22,1_3,64
2023-05-29,1_3,61
2023-06-05,1_3,60
2023-06-12,1_3,56
2023-06-19,1_3,66
2023-06-26,1_3,60
2023-07-03,1_3,63
2023-07-10,1_3,55
2023-07-17,1_3,59
2023-07-24,1_3,49
2023-07-31,1_3,63
2023-08-07,1_3,64
2023-08-14,1_3,65
2023-08-21,1_3,49
2023-08-28,1_3,71
2023-09-04,1_3,50
2023-09-11,1_3,62
2023-09-18,1_3,69
2023-09-25,1_3,63
2023-10-02,1_3,59
2023-10-09,1_3,62
2023-10-16,1_3,59
2023-10-23,1_3,60
2023-10-30,1_3,60
2023-11-06,1_3,60
2023-11-13,1_3,59
2023-11-20,1_3,59
2023-11-27,1_3,62
2023-12-04,1_3,52
2023-12-11,1_3,61
2023-12-18,1_3,60
2023-01-02,1_4,52
2023-01-09,1_4,61
2023-01-16,1_4,55
2023-01-23,1_4,57
2023-01-30,1_4,61
2023-02-06,1_4,57
2023-02-13,1_4,67
2023-02-20,1_4,59
2023-02-27,1_4,53
2023-03-06,1_4,66
2023-03-13,1_4,60
2023-03-20,1_4,63
2023-03-27,1_4,59
2023-04-03,1_4,54
2023-04-10,1_4,67
2023-04-17,1_4,59
2023-04-24,1_4,62
2023-05-01,1_4,59
2023-05-08,1_4,60
2023-05-15,1_4,70
2023-05-22,1_4,54
2023-05-29,1_4,56
2023-06-05,1_4,65
2023-06-12,1_4,62
2023-06-19,1_4,55
2023-06-26,1_4,71
2023-07-03,1_4,67
2023-07-10,1_4,63
2023-07-17,1_4,57
2023-07-24,1_4,65
2023-07-31,1_4,65
2023-08-07,1_4,57
2023-08-14,1_4,59
2023-08-21,1_4,58
2023-08-28,1_4,69
2023-09-04,1_4,59
2023-09-11,1_4,58
2023-09-18,1_4,61
2023-09-25,1_4,57
2023-10-02,1_4,65
2023-10-09,1_4,53
2023-10-16,1_4,66
2023-10-23,1_4,56
2023-10-30,1_4,58
2023-11-06,1_4,54
2023-11-13,1_4,61
2023-11-20,1_4,64
2023-11-27,1_4,61
2023-12-04,1_4,61
2023-12-11,1_4,66
2023-12-18,1_4,64
2023-01-02,1_5,60
2023-01-09,1_5,62
2023-01-16,1_5,70
2023-01-23,1_5,59
2023-01-30,1_5,53
2023-02-06,1_5,58
2023-02-13,1_5,59
2023-02-20,1_5,72
2023-02-27,1_5,60
2023-03-06,1_5,50
2023-03-13,1_5,59
2023-03-20,1_5,58
2023-03-27,1_5,56
2023-04-03,1_5,65
2023-04-10,1_5,73
2023-04-17,1_5,47
2023-04-24,1_5,69
2023-05-01,1_5,59
2023-05-08,1_5,53
2023-05-15,1_5,58
2023-05-22,1_5,69
2023-05-29,1_5,63
2023-06-05,1_5,58
2023-06-12,1_5,62
2023-06-19,1_5,56
2023-06-26,1_5,71
2023-07-03,1_5,62
2023-07-10,1_5,56
2023-07-17,1_5,72
2023-07-24,1_5,61
2023-07-31,1_5,65
2023-08-07,1_5,58
2023-08-14,1_5,62
2023-08-21,1_5,66
2023-08-28,1_5,58
2023-09-04,1_5,61
2023-09-11,1_5,57
2023-09-18,1_5,67
2023-09-25,1_5,62
2023-10-02,1_5,53
2023-10-09,1_5,61
2023-10-16,1_5,67
2023-10-23,1_5,65
2023-10-30,1_5,63
2023-11-06,1_5,53
2023-11-13,1_5,67
2023-11-20,1_5,63
2023-11-27,1_5,59
2023-12-04,1_5,53
2023-12-11,1_5,64
2023-12-18,1_5,59
2023-01-02,1_6,61
2023-01-09,1_6,73
2023-01-16,1_6,50
2023-01-23,1_6,65
2023-01-30,1_6,54
2023-02-06,1_6,58
2023-02-13,1_6,75
2023-02-20,1_6,62
2023-02-27,1_6,64
2023-03-06,1_6,56
2023-03-13,1_6,61
2023-03-20,1_6,67
2023-03-27,1_6,57
2023-04-03,1_6,69
2023-04-10,1_6,59
2023-04-17,1_6,62
2023-04-24,1_6,61
2023-05-01,1_6,56
2023-05-08,1_6,62
2023-05-15,1_6,59
2023-05-22,1_6,56
2023-05-29,1_6,66
2023-06-05,1_6,56
2023-06-12,1_6,60
2023-06-19,1_6,59
2023-06-26,1_6,68
2023-07-03,1_6,55
2023-07-10,1_6,57
2023-07-17,1_6,65
2023-07-24,1_6,60
2023-07-31,1_6,60
2023-08-07,1_6,67
2023-08-14,1_6,53
2023-08-21,1_6,58
2023-08-28,1_6,60
2023-09-04,1_6,58
2023-09-11,1_6,56
2023-09-18,1_6,65
2023-09-25,1_6,61
2023-10-02,1_6,66
2023-10-09,1_6,53
2023-10-16,1_6,70
2023-10-23,1_6,54
2023-10-30,1_6,60
2023-11-06,1_6,65
2023-11-13,1_6,54
2023-11-20,1_6,59
2023-11-27,1_6,55
2023-12-04,1_6,62
2023-12-11,1_6,63
2023-12-18,1_6,60
2023-01-02,1_7,67
2023-01-09,1_7,63
2023-01-16,1_7,50
2023-01-23,1_7,54
2023-01-30,1_7,67
2023-02-06,1_7,61
2023-02-13,1_7,60
2023-02-20,1_7,57
2023-02-27,1_7,64
2023-03-06,1_7,68
2023-03-13,1_7,66
2023-03-20,1_7,56
2023-03-27,1_7,56
2023-04-03,1_7,52
2023-04-10,1_7,69
2023-04-17,1_7,67
2023-04-24,1_7,54
2023-05-01,1_7,69
2023-05-08,1_7,62
2023-05-15,1_7,61
2023-05-22,1_7,58
2023-05-29,1_7,56
2023-06-05,1_7,62
2023-06-12,1_7,56
2023-06-19,1_7,65
2023-06-26,1_7,63
2023-07-03,1_7,55
2023-07-10,1_7,64
2023-07-17,1_7,53
2023-07-24,1_7,60
2023-07-31,1_7,62
2023-08-07,1_7,60
2023-08-14,1_7,62
2023-08-21,1_7,57
2023-08-28,1_7,67
2023-09-04,1_7,56
2023-09-11,1_7,62
2023-09-18,1_7,57
2023-09-25,1_7,61
2023-10-02,1_7,58
2023-10-09,1_7,60
2023-10-16,1_7,61
2023-10-23,1_7,60
2023-10-30,1_7,67
2023-11-06,1_7,58
2023-11-13,1_7,51
2023-11-20,1_7,55
2023-11-27,1_7,66
2023-12-04,1_7,49
2023-12-11,1_7,60
2023-12-18,1_7,65
2023-01-02,1_8,59
2023-01-09,1_8,61
2023-01-16,1_8,55
2023-01-23,1_8,55
2023-01-30,1_8,57
2023-02-06,1_8,63
2023-02-13,1_8,60
2023-02-20,1_8,56
2023-02-27,1_8,57
2023-03-06,1_8,60
2023-03-13,1_8,64
2023-03-20,1_8,55
2023-03-27,1_8,60
2023-04-03,1_8,60
2023-04-10,1_8,59
2023-04-17,1_8,57
2023-04-24,1_8,65
2023-05-01,1_8,53
2023-05-08,1_8,66
2023-05-15,1_8,52
2023-05-22,1_8,67
2023-05-29,1_8,52
2023-06-05,1_8,61
2023-06-12,1_8,54
2023-06-19,1_8,66
2023-06-26,1_8,58
2023-07-03,1_8,52
2023-07-10,1_8,61
2023-07-17,1_8,66
2023-07-24,1_8,55
2023-07-31,1_8,66
2023-08-07,1_8,52
2023-08-14,1_8,63
2023-08-21,1_8,57
2023-08-28,1_8,58
2023-09-04,1_8,64
2023-09-11,1_8,57
2023-09-18,1_8,54
2023-09-25,1_8,64
2023-10-02,1_8,67
2023-10-09,1_8,62
2023-10-16,1_8,64
2023-10-23,1_8,59
2023-10-30,1_8,68
2023-11-06,1_8,61
2023-11-13,1_8,58
2023-11-20,1_8,59
2023-11-27,1_8,73
2023-12-04,1_8,53
2023-12-11,1_8,60
2023-12-18,1_8,62
2023-01-02,1_9,72
2023-01-09,1_9,54
2023-01-16,1_9,76
2023-01-23,1_9,56
2023-01-30,1_9,62
2023-02-06,1_9,55
2023-02-13,1_9,67
2023-02-20,1_9,67
2023-02-27,1_9,58
2023-03-06,1_9,61
2023-03-13,1_9,67
2023-03-20,1_9,59
2023-03-27,1_9,61
2023-04-03,1_9,52
2023-04-10,1_9,54
2023-04-17,1_9,64
2023-04-24,1_9,53
2023-05-01,1_9,65
2023-05-08,1_9,59
2023-05-15,1_9,64
2023-05-22,1_9,61
2023-05-29,1_9,65
2023-06-05,1_9,60
2023-06-12,1_9,47
2023-06-19,1_9,63
2023-06-26,1_9,53
2023-07-03,1_9,65
2023-07-10,1_9,60
2023-07-17,1_9,71
2023-07-24,1_9,57
2023-07-31,1_9,61
2023-08-07,1_9,53
2023-08-14,1_9,67
2023-08-21,1_9,56
2023-08-28,1_9,61
2023-09-04,1_9,61
2023-09-11,1_9,56
2023-09-18,1_9,63
2023-09-25,1_9,54
2023-10-02,1_9,50
2023-10-09,1_9,66
2023-10-16,1_9,64
2023-10-23,1_9,63
2023-10-30,1_9,55
2023-11-06,1_9,64
2023-11-13,1_9,60
2023-11-20,1_9,65
2023-11-27,1_9,56
2023-12-04,1_9,70
2023-12-11,1_9,53
2023-12-18,1_9,70
2023-01-02,3_1,70
2023-01-09,3_1,50
2023-01-16,3_1,68
2023-01-23,3_1,60
2023-01-30,3_1,64
2023-02-06,3_1,53
2023-02-13,3_1,67
2023-02-20,3_1,55
2023-02-27,3_1,59
2023-03-06,3_1,69
2023-03-13,3_1,57
2023-03-20,3_1,56
2023-03-27,3_1,64
2023-04-03,3_1,52
2023-04-10,3_1,64
2023-04-17,3_1,70
2023-04-24,3_1,57
2023-05-01,3_1,66
2023-05-08,3_1,63
2023-05-15,3_1,45
2023-05-22,3_1,62
2023-05-29,3_1,62
2023-06-05,3_1,54
2023-06-12,3_1,62
2023-06-19,3_1,59
2023-06-26,3_1,60
2023-07-03,3_1,61
2023-07-10,3_1,55
2023-07-17,3_1,57
2023-07-24,3_1,57
2023-07-31,3_1,70
2023-08-07,3_1,58
2023-08-14,3_1,71
2023-08-21,3_1,58
2023-08-28,3_1,53
2023-09-04,3_1,60
2023-09-11,3_1,68
2023-09-18,3_1,53
2023-09-25,3_1,55
2023-10-02,3_1,58
2023-10-09,3_1,61
2023-10-16,3_1,60
2023-10-23,3_1,60
2023-10-30,3_1,54
2023-11-06,3_1,58
2023-11-13,3_1,56
2023-11-20,3_1,56
2023-11-27,3_1,67
2023-12-04,3_1,58
2023-12-11,3_1,65
2023-12-18,3_1,56
2023-01-02,3_10,65
2023-01-09,3_10,59
2023-01-16,3_10,62
2023-01-23,3_10,63
2023-01-30,3_10,64
2023-02-06,3_10,62
2023-02-13,3_10,68
2023-02-20,3_10,61
2023-02-27,3_10,65
2023-03-06,3_10,56
2023-03-13,3_10,57
2023-03-20,3_10,62
2023-03-27,3_10,49
2023-04-03,3_10,58
2023-04-10,3_10,68
2023-04-17,3_10,59
2023-04-24,3_10,53
2023-05-01,3_10,59
2023-05-08,3_10,60
2023-05-15,3_10,70
2023-05-22,3_10,61
2023-05-29,3_10,50
2023-06-05,3_10,64
2023-06-12,3_10,70
2023-06-19,3_10,60
2023-06-26,3_10,62
2023-07-03,3_10,64
2023-07-10,3_10,63
2023-07-17,3_10,55
2023-07-24,3_10,64
2023-07-31,3_10,58
2023-08-07,3_10,55
2023-08-14,3_10,67
2023-08-21,3_10,56
2023-08-28,3_10,64
2023-09-04,3_10,58
2023-09-11,3_10,55
2023-09-18,3_10,57
2023-09-25,3_10,52
2023-10-02,3_10,73
2023-10-09,3_10,51
2023-10-16,3_10,68
2023-10-23,3_10,67
2023-10-30,3_10,59
2023-11-06,3_10,64
2023-11-13,3_10,59
2023-11-20,3_10,60
2023-11-27,3_10,59
2023-12-04,3_10,60
2023-12-11,3_10,66
2023-12-18,3_10,66
2023-01-02,3_11,58
2023-01-09,3_11,64
2023-01-16,3_11,72
2023-01-23,3_11,62
2023-01-30,3_11,54
2023-02-06,3_11,62
2023-02-13,3_11,59
2023-02-20,3_11,66
2023-02-27,3_11,61
2023-03-06,3_11,54
2023-03-13,3_11,60
2023-03-20,3_11,54
2023-03-27,3_11,60
2023-04-03,3_11,65
2023-04-10,3_11,67
2023-04-17,3_11,57
2023-04-24,3_11,66
2023-05-01,3_11,56
2023-05-08,3_11,59
2023-05-15,3_11,60
2023-05-22,3_11,66
2023-05-29,3_11,60
2023-06-05,3_11,64
2023-06-12,3_11,61
2023-06-19,3_11,52
2023-06-26,3_11,58
2023-07-03,3_11,48
2023-07-10,3_11,61
2023-07-17,3_11,63
2023-07-24,3_11,49
2023-07-31,3_11,58
2023-08-07,3_11,68
2023-08-14,3_11,58
2023-08-21,3_11,57
2023-08-28,3_11,58
2023-09-04,3_11,62
2023-09-11,3_11,69
2023-09-18,3_11,55
2023-09-25,3_11,63
2023-10-02,3_11,60
2023-10-09,3_11,58
2023-10-16,3_11,58
2023-10-23,3_11,62
2023-10-30,3_11,66
2023-11-06,3_11,61
2023-11-13,3_11,55
2023-11-20,3_11,57
2023-11-27,3_11,60
2023-12-04,3_11,59
2023-12-11,3_11,63
2023-12-18,3_11,64
2023-01-02,3_12,56
2023-01-09,3_12,66
2023-01-16,3_12,68
2023-01-23,3_12,49
2023-01-30,3_12,70
2023-02-06,3_12,55
2023-02-13,3_12,65
2023-02-20,3_12,58
2023-02-27,3_12,55
2023-03-06,3_12,50
2023-03-13,3_12,64
2023-03-20,3_12,70
2023-03-27,3_12,67
2023-04-03,3_12,55
2023-04-10,3_12,59
2023-04-17,3_12,52
2023-04-24,3_12,67
2023-05-01,3_12,60
2023-05-08,3_12,62
2023-05-15,3_12,62
2023-05-22,3_12,66
2023-05-29,3_12,63
2023-06-05,3_12,61
2023-06-12,3_12,50
2023-06-19,3_12,74
2023-06-26,3_12,54
2023-07-03,3_12,61
2023-07-10,3_12,61
2023-07-17,3_12,51
2023-07-24,3_12,64
2023-07-31,3_12,54
2023-08-07,3_12,54
2023-08-14,3_12,57
2023-08-21,3_12,65
2023-08-28,3_12,61
2023-09-04,3_12,62
2023-09-11,3_12,57
2023-09-18,3_12,56
2023-09-25,3_12,57
2023-10-02,3_12,54
2023-10-09,3_12,67
2023-10-16,3_12,62
2023-10-23,3_12,56
2023-10-30,3_12,61
2023-11-06,3_12,48
2023-11-13,3_12,54
2023-11-20,3_12,68
2023-11-27,3_12,62
2023-12-04,3_12,63
2023-12-11,3_12,54
2023-12-18,3_12,58
2023-01-02,3_13,64
2023-01-09,3_13,52
2023-01-16,3_13,65
2023-01-23,3_13,55
2023-01-30,3_13,63
2023-02-06,3_13,60
2023-02-13,3_13,61
2023-02-20,3_13,66
2023-02-27,3_13,54
2023-03-06,3_13,61
2023-03-13,3_13,68
2023-03-20,3_13,63
2023-03-27,3_13,69
2023-04-03,3_13,50
2023-04-10,3_13,59
2023-04-17,3_13,60
2023-04-24,3_13,63
2023-05-01,3_13,66
2023-05-08,3_13,63
2023-05-15,3_13,58
2023-05-22,3_13,56
2023-05-29,3_13,54
2023-06-05,3_13,59
2023-06-12,3_13,56
2023-06-19,3_13,64
2023-06-26,3_13,58
2023-07-03,3_13,57
2023-07-10,3_13,53
2023-07-17,3_13,62
2023-07-24,3_13,74
2023-07-31,3_13,64
2023-08-07,3_13,63
2023-08-14,3_13,62
2023-08-21,3_13,62
2023-08-28,3_13,62
2023-09-04,3_13,58
2023-09-11,3_13,50
2023-09-18,3_13,72
2023-09-25,3_13,55
2023-10-02,3_13,62
2023-10-09,3_13,60
2023-10-16,3_13,61
2023-10-23,3_13,66
2023-10-30,3_13,57
2023-11-06,3_13,59
2023-11-13,3_13,67
2023-11-20,3_13,66
2023-11-27,3_13,55
2023-12-04,3_13,73
2023-12-11,3_13,47
2023-12-18,3_13,54
2023-01-02,3_14,66
2023-01-09,3_14,62
2023-01-16,3_14,60
2023-01-23,3_14,53
2023-01-30,3_14,67
2023-02-06,3_14,64
2023-02-13,3_14,65
2023-02-20,3_14,59
2023-02-27,3_14,68
2023-03-06,3_14,54
2023-03-13,3_14,66
2023-03-20,3_14,49
2023-03-27,3_14,62
2023-04-03,3_14,52
2023-04-10,3_14,70
2023-04-17,3_14,54
2023-04-24,3_14,67
2023-05-01,3_14,65
2023-05-08,3_14,63
2023-05-15,3_14,66
2023-05-22,3_14,61
2023-05-29,3_14,60
2023-06-05,3_14,53
2023-06-12,3_14,66
2023-06-19,3_14,64
2023-06-26,3_14,56
2023-07-03,3_14,56
2023-07-10,3_14,68
2023-07-17,3_14,70
2023-07-24,3_14,64
2023-07-31,3_14,56
2023-08-07,3_14,59
2023-08-14,3_14,63
2023-08-21,3_14,55
2023-08-28,3_14,60
2023-09-04,3_14,60
2023-09-11,3_14,53
2023-09-18,3_14,71
2023-09-25,3_14,58
2023-10-02,3_14,67
2023-10-09,3_14,65
2023-10-16,3_14,61
2023-10-23,3_14,66
2023-10-30,3_14,58
2023-11-06,3_14,66
2023-11-13,3_14,66
2023-11-20,3_14,59
2023-11-27,3_14,63
2023-12-04,3_14,67
2023-12-11,3_14,50
2023-12-18,3_14,65
2023-01-02,3_15,56
2023-01-09,3_15,63
2023-01-16,3_15,70
2023-01-23,3_15,55
2023-01-30,3_15,52
2023-02-06,3_15,59
2023-02-13,3_15,61
2023-02-20,3_15,55
2023-02-27,3_15,57
2023-03-06,3_15,64
2023-03-13,3_15,67
2023-03-20,3_15,60
2023-03-27,3_15,70
2023-04-03,3_15,60
2023-04-10,3_15,54
2023-04-17,3_15,60
2023-04-24,3_15,66
2023-05-01,3_15,60
2023-05-08,3_15,51
2023-05-15,3_15,69
2023-05-22,3_15,59
2023-05-29,3_15,45
2023-06-05,3_15,69
2023-06-12,3_15,58
2023-06-19,3_15,60
2023-06-26,3_15,54
2023-07-03,3_15,60
2023-07-10,3_15,59
2023-07-17,3_15,66
2023-07-24,3_15,58
2023-07-31,3_15,55
2023-08-07,3_15,55
2023-08-14,3_15,67
2023-08-21,3_15,46
2023-08-28,3_15,61
2023-09-04,3_15,68
2023-09-11,3_15,48
2023-09-18,3_15,65
2023-09-25,3_15,57
2023-10-02,3_15,57
2023-10-09,3_15,53
2023-10-16,3_15,60
2023-10-23,3_15,61
2023-10-30,3_15,63
2023-11-06,3_15,60
2023-11-13,3_15,65
2023-11-20,3_15,66
2023-11-27,3_15,57
2023-12-04,3_15,60
2023-12-11,3_15,58
2023-12-18,3_15,65
2023-01-02,3_16,73
2023-01-09,3_16,66
2023-01-16,3_16,50
2023-01-23,3_16,61
2023-01-30,3_16,67
2023-02-06,3_16,57
2023-02-13,3_16,62
2023-02-20,3_16,63
2023-02-27,3_16,50
2023-03-06,3_16,55
2023-03-13,3_16,64
2023-03-20,3_16,74
2023-03-27,3_16,63
2023-04-03,3_16,56
2023-04-10,3_16,53
2023-04-17,3_16,66
2023-04-24,3_16,70
2023-05-01,3_16,64
2023-05-08,3_16,62
2023-05-15,3_16,72
2023-05-22,3_16,59
2023-05-29,3_16,56
2023-06-05,3_16,58
2023-06-12,3_16,64
2023-06-19,3_16,64
2023-06-26,3_16,61
2023-07-03,3_16,64
2023-07-10,3_16,60
2023-07-17,3_16,62
2023-07-24,3_16,72
2023-07-31,3_16,61
2023-08-07,3_16,55
2023-08-14,3_16,73
2023-08-21,3_16,57
2023-08-28,3_16,55
2023-09-04,3_16,61
2023-09-11,3_16,60
2023-09-18,3_16,57
2023-09-25,3_16,61
2023-10-02,3_16,56
2023-10-09,3_16,63
2023-10-16,3_16,60
2023-10-23,3_16,66
2023-10-30,3_16,58
2023-11-06,3_16,59
2023-11-13,3_16,61
2023-11-20,3_16,53
2023-11-27,3_16,56
2023-12-04,3_16,56
2023-12-11,3_16,65
2023-12-18,3_16,64
2023-01-02,3_17,59
2023-01-09,3_17,56
2023-01-16,3_17,72
2023-01-23,3_17,62
2023-01-30,3_17,64
2023-02-06,3_17,66
2023-02-13,3_17,53
2023-02-20,3_17,55
2023-02-27,3_17,60
2023-03-06,3_17,70
2023-03-13,3_17,54
2023-03-20,3_17,61
2023-03-27,3_17,57
2023-04-03,3_17,68
2023-04-10,3_17,58
2023-04-17,3_17,58
2023-04-24,3_17,59
2023-05-01,3_17,63
2023-05-08,3_17,63
2023-05-15,3_17,55
2023-05-22,3_17,60
2023-05-29,3_17,69
2023-06-05,3_17,61
2023-06-12,3_17,56
2023-06-19,3_17,54
2023-06-26,3_17,59
2023-07-03,3_17,60
2023-07-10,3_17,60
2023-07-17,3_17,62
2023-07-24,3_17,59
2023-07-31,3_17,60
2023-08-07,3_17,56
2023-08-14,3_17,63
2023-08-21,3_17,72
2023-08-28,3_17,60
2023-09-04,3_17,56
2023-09-11,3_17,72
2023-09-18,3_17,56
2023-09-25,3_17,69
2023-10-02,3_17,53
2023-10-09,3_17,49
2023-10-16,3_17,70
2023-10-23,3_17,63
2023-10-30,3_17,62
2023-11-06,3_17,68
2023-11-13,3_17,59
2023-11-20,3_17,60
2023-11-27,3_17,63
2023-12-04,3_17,64
2023-12-11,3_17,54
2023-12-18,3_17,59
2023-01-02,3_18,66
2023-01-09,3_18,53
2023-01-16,3_18,69
2023-01-23,3_18,57
2023-01-30,3_18,57
2023-02-06,3_18,62
2023-02-13,3_18,65
2023-02-20,3_18,61
2023-02-27,3_18,63
2023-03-06,3_18,61
2023-03-13,3_18,54
2023-03-20,3_18,64
2023-03-27,3_18,65
2023-04-03,3_18,66
2023-04-10,3_18,60
2023-04-17,3_18,61
2023-04-24,3_18,65
2023-05-01,3_18,51
2023-05-08,3_18,66
2023-05-15,3_18,52
2023-05-22,3_18,63
2023-05-29,3_18,56
2023-06-05,3_18,59
2023-06-12,3_18,66
2023-06-19,3_18,72
2023-06-26,3_18,55
2023-07-03,3_18,57
2023-07-10,3_18,60
2023-07-17,3_18,54
2023-07-24,3_18,74
2023-07-31,3_18,57
2023-08-07,3_18,59
2023-08-14,3_18,63
2023-08-21,3_18,65
2023-08-28,3_18,66
2023-09-04,3_18,67
2023-09-11,3_18,56
2023-09-18,3_18,67
2023-09-25,3_18,62
2023-10-02,3_18,54
2023-10-09,3_18,63
2023-10-16,3_18,50
2023-10-23,3_18,72
2023-10-30,3_18,67
2023-11-06,3_18,57
2023-11-13,3_18,58
2023-11-20,3_18,68
2023-11-27,3_18,55
2023-12-04,3_18,55
2023-12-11,3_18,68
2023-12-18,3_18,67
2023-01-02,3_19,55
2023-01-09,3_19,65
2023-01-16,3_19,57
2023-01-23,3_19,64
2023-01-30,3_19,57
2023-02-06,3_19,67
2023-02-13,3_19,48
2023-02-20,3_19,64
2023-02-27,3_19,66
2023-03-06,3_19,54
2023-03-13,3_19,58
2023-03-20,3_19,66
2023-03-27,3_19,48
2023-04-03,3_19,65
2023-04-10,3_19,49
2023-04-17,3_19,62
2023-04-24,3_19,64
2023-05-01,3_19,61
2023-05-08,3_19,60
2023-05-15,3_19,54
2023-05-22,3_19,61
2023-05-29,3_19,64
2023-06-05,3_19,65
2023-06-12,3_19,51
2023-06-19,3_19,71
2023-06-26,3_19,58
2023-07-03,3_19,67
2023-07-10,3_19,67
2023-07-17,3_19,56
2023-07-24,3_19,64
2023-07-31,3_19,59
2023-08-07,3_19,52
2023-08-14,3_19,69
2023-08-21,3_19,67
2023-08-28,3_19,66
2023-09-04,3_19,57
2023-09-11,3_19,54
2023-09-18,3_19,57
2023-09-25,3_19,69
2023-10-02,3_19,63
2023-10-09,3_19,54
2023-10-16,3_19,62
2023-10-23,3_19,55
2023-10-30,3_19,60
2023-11-06,3_19,67
2023-11-13,3_19,68
2023-11-20,3_19,59
2023-11-27,3_19,65
2023-12-04,3_19,67
2023-12-11,3_19,50
2023-12-18,3_19,68
2023-01-02,3_2,65
2023-01-09,3_2,61
2023-01-16,3_2,51
2023-01-23,3_2,59
2023-01-30,3_2,61
2023-02-06,3_2,64
2023-02-13,3_2,59
2023-02-20,3_2,66
2023-02-27,3_2,59
2023-03-06,3_2,68
2023-03-13,3_2,63
2023-03-20,3_2,68
2023-03-27,3_2,49
2023-04-03,3_2,56
2023-04-10,3_2,64
2023-04-17,3_2,61
2023-04-24,3_2,62
2023-05-01,3_2,50
2023-05-08,3_2,64
2023-05-15,3_2,64
2023-05-22,3_2,61
2023-05-29,3_2,57
2023-06-05,3_2,65
2023-06-12,3_2,67
2023-06-19,3_2,55
2023-06-26,3_2,61
2023-07-03,3_2,71
2023-07-10,3_2,53
2023-07-17,3_2,60
2023-07-24,3_2,64
2023-07-31,3_2,70
2023-08-07,3_2,60
2023-08-14,3_2,56
2023-08-21,3_2,72
2023-08-28,3_2,62
2023-09-04,3_2,59
2023-09-11,3_2,55
2023-09-18,3_2,61
2023-09-25,3_2,70
2023-10-02,3_2,51
2023-10-09,3_2,63
2023-10-16,3_2,57
2023-10-23,3_2,69
2023-10-30,3_2,58
2023-11-06,3_2,56
2023-11-13,3_2,61
2023-11-20,3_2,58
2023-11-27,3_2,60
2023-12-04,3_2,57
2023-12-11,3_2,60
2023-12-18,3_2,58
2023-01-02,3_20,64
2023-01-09,3_20,60
2023-01-16,3_20,53
2023-01-23,3_20,64
2023-01-30,3_20,64
2023-02-06,3_20,53
2023-02-13,3_20,68
2023-02-20,3_20,55
2023-02-27,3_20,63
2023-03-06,3_20,66
2023-03-13,3_20,64
2023-03-20,3_20,61
2023-03-27,3_20,62
2023-04-03,3_20,64
2023-04-10,3_20,53
2023-04-17,3_20,68
2023-04-24,3_20,48
2023-05-01,3_20,60
2023-05-08,3_20,52
2023-05-15,3_20,67
2023-05-22,3_20,56
2023-05-29,3_20,64
2023-06-05,3_20,57
2023-06-12,3_20,61
2023-06-19,3_20,69
2023-06-26,3_20,62
2023-07-03,3_20,54
2023-07-10,3_20,67
2023-07-17,3_20,58
2023-07-24,3_20,67
2023-07-31,3_20,58
2023-08-07,3_20,52
2023-08-14,3_20,56
2023-08-21,3_20,51
2023-08-28,3_20,61
2023-09-04,3_20,58
2023-09-11,3_20,71
2023-09-18,3_20,61
2023-09-25,3_20,58
2023-10-02,3_20,68
2023-10-09,3_20,65
2023-10-16,3_20,54
2023-10-23,3_20,67
2023-10-30,3_20,61
2023-11-06,3_20,65
2023-11-13,3_20,52
2023-11-20,3_20,59
2023-11-27,3_20,59
2023-12-04,3_20,67
2023-12-11,3_20,64
2023-12-18,3_20,69
2023-01-02,3_3,62
2023-01-09,3_3,51
2023-01-16,3_3,62
2023-01-23,3_3,51
2023-01-30,3_3,67
2023-02-06,3_3,60
2023-02-13,3_3,54
2023-02-20,3_3,68
2023-02-27,3_3,54
2023-03-06,3_3,66
2023-03-13,3_3,55
2023-03-20,3_3,55
2023-03-27,3_3,71
2023-04-03,3_3,55
2023-04-10,3_3,62
2023-04-17,3_3,65
2023-04-24,3_3,51
2023-05-01,3_3,71
2023-05-08,3_3,58
2023-05-15,3_3,51
2023-05-22,3_3,55
2023-05-29,3_3,64
2023-06-05,3_3,69
2023-06-12,3_3,62
2023-06-19,3_3,65
2023-06-26,3_3,54
2023-07-03,3_3,58
2023-07-10,3_3,62
2023-07-17,3_3,54
2023-07-24,3_3,70
2023-07-31,3_3,61
2023-08-07,3_3,57
2023-08-14,3_3,51
2023-08-21,3_3,55
2023-08-28,3_3,58
2023-09-04,3_3,64
2023-09-11,3_3,67
2023-09-18,3_3,65
2023-09-25,3_3,57
2023-10-02,3_3,60
2023-10-09,3_3,60
2023-10-16,3_3,55
2023-10-23,3_3,58
2023-10-30,3_3,63
2023-11-06,3_3,56
2023-11-13,3_3,69
2023-11-20,3_3,55
2023-11-27,3_3,61
2023-12-04,3_3,55
2023-12-11,3_3,58
2023-12-18,3_3,62
2023-01-02,3_4,56
2023-01-09,3_4,63
2023-01-16,3_4,56
2023-01-23,3_4,63
2023-01-30,3_4,55
2023-02-06,3_4,62
2023-02-13,3_4,50
2023-02-20,3_4,56
2023-02-27,3_4,59
2023-03-06,3_4,58
2023-03-13,3_4,66
2023-03-20,3_4,53
2023-03-27,3_4,66
2023-04-03,3_4,50
2023-04-10,3_4,62
2023-04-17,3_4,60
2023-04-24,3_4,54
2023-05-01,3_4,62
2023-05-08,3_4,67
2023-05-15,3_4,55
2023-05-22,3_4,59
2023-05-29,3_4,60
2023-06-05,3_4,66
2023-06-12,3_4,55
2023-06-19,3_4,64
2023-06-26,3_4,59
2023-07-03,3_4,68
2023-07-10,3_4,56
2023-07-17,3_4,56
2023-07-24,3_4,64
2023-07-31,3_4,62
2023-08-07,3_4,56
2023-08-14,3_4,68
2023-08-21,3_4,58
2023-08-28,3_4,53
2023-09-04,3_4,68
2023-09-11,3_4,53
2023-09-18,3_4,60
2023-09-25,3_4,61
2023-10-02,3_4,58
2023-10-09,3_4,55
2023-10-16,3_4,59
2023-10-23,3_4,63
2023-10-30,3_4,54
2023-11-06,3_4,66
2023-11-13,3_4,62
2023-11-20,3_4,59
2023-11-27,3_4,60
2023-12-04,3_4,66
2023-12-11,3_4,51
2023-12-18,3_4,58
2023-01-02,3_5,67
2023-01-09,3_5,65
2023-01-16,3_5,61
2023-01-23,3_5,55
2023-01-30,3_5,72
2023-02-06,3_5,54
2023-02-13,3_5,60
2023-02-20,3_5,58
2023-02-27,3_5,65
2023-03-06,3_5,69
2023-03-13,3_5,58
2023-03-20,3_5,57
2023-03-27,3_5,73
2023-04-03,3_5,49
2023-04-10,3_5,61
2023-04-17,3_5,60
2023-04-24,3_5,56
2023-05-01,3_5,58
2023-05-08,3_5,55
2023-05-15,3_5,62
2023-05-22,3_5,64
2023-05-29,3_5,59
2023-06-05,3_5,55
2023-06-12,3_5,55
2023-06-19,3_5,69
2023-06-26,3_5,65
2023-07-03,3_5,51
2023-07-10,3_5,65
2023-07-17,3_5,60
2023-07-24,3_5,64
2023-07-31,3_5,53
2023-08-07,3_5,61
2023-08-14,3_5,60
2023-08-21,3_5,60
2023-08-28,3_5,67
2023-09-04,3_5,64
2023-09-11,3_5,65
2023-09-18,3_5,65
2023-09-25,3_5,56
2023-10-02,3_5,63
2023-10-09,3_5,59
2023-10-16,3_5,52
2023-10-23,3_5,60
2023-10-30,3_5,61
2023-11-06,3_5,48
2023-11-13,3_5,54
2023-11-20,3_5,72
2023-11-27,3_5,58
2023-12-04,3_5,55
2023-12-11,3_5,65
2023-12-18,3_5,61
2023-01-02,3_6,69
2023-01-09,3_6,61
2023-01-16,3_6,62
2023-01-23,3_6,62
2023-01-30,3_6,52
2023-02-06,3_6,58
2023-02-13,3_6,60
2023-02-20,3_6,61
2023-02-27,3_6,69
2023-03-06,3_6,53
2023-03-13,3_6,65
2023-03-20,3_6,63
2023-03-27,3_6,45
2023-04-03,3_6,69
2023-04-10,3_6,60
2023-04-17,3_6,59
2023-04-24,3_6,62
2023-05-01,3_6,59
2023-05-08,3_6,52
2023-05-15,3_6,56
2023-05-22,3_6,59
2023-05-29,3_6,60
2023-06-05,3_6,61
2023-06-12,3_6,58
2023-06-19,3_6,65
2023-06-26,3_6,61
2023-07-03,3_6,65
2023-07-10,3_6,55
2023-07-17,3_6,60
2023-07-24,3_6,57
2023-07-31,3_6,64
2023-08-07,3_6,58
2023-08-14,3_6,69
2023-08-21,3_6,55
2023-08-28,3_6,64
2023-09-04,3_6,59
2023-09-11,3_6,54
2023-09-18,3_6,60
2023-09-25,3_6,62
2023-10-02,3_6,62
2023-10-09,3_6,59
2023-10-16,3_6,62
2023-10-23,3_6,60
2023-10-30,3_6,71
2023-11-06,3_6,54
2023-11-13,3_6,58
2023-11-20,3_6,61
2023-11-27,3_6,52
2023-12-04,3_6,72
2023-12-11,3_6,60
2023-12-18,3_6,57
2023-01-02,3_7,53
2023-01-09,3_7,54
2023-01-16,3_7,65
2023-01-23,3_7,65
2023-01-30,3_7,56
2023-02-06,3_7,56
2023-02-13,3_7,61
2023-02-20,3_7,56
2023-02-27,3_7,67
2023-03-06,3_7,64
2023-03-13,3_7,55
2023-03-20,3_7,60
2023-03-27,3_7,56
2023-04-03,3_7,57
2023-04-10,3_7,62
2023-04-17,3_7,62
2023-04-24,3_7,63
2023-05-01,3_7,62
2023-05-08,3_7,54
2023-05-15,3_7,61
2023-05-22,3_7,65
2023-05-29,3_7,56
2023-06-05,3_7,64
2023-06-12,3_7,53
2023-06-19,3_7,55
2023-06-26,3_7,66
2023-07-03,3_7,54
2023-07-10,3_7,60
2023-07-17,3_7,53
2023-07-24,3_7,69
2023-07-31,3_7,60
2023-08-07,3_7,48
2023-08-14,3_7,68
2023-08-21,3_7,62
2023-08-28,3_7,59
2023-09-04,3_7,59
2023-09-11,3_7,56
2023-09-18,3_7,53
2023-09-25,3_7,54
2023-10-02,3_7,64
2023-10-09,3_7,45
2023-10-16,3_7,61
2023-10-23,3_7,60
2023-10-30,3_7,67
2023-11-06,3_7,64
2023-11-13,3_7,56
2023-11-20,3_7,62
2023-11-27,3_7,60
2023-12-04,3_7,55
2023-12-11,3_7,64
2023-12-18,3_7,70
2023-01-02,3_8,61
2023-01-09,3_8,54
2023-01-16,3_8,66
2023-01-23,3_8,63
2023-01-30,3_8,57
2023-02-06,3_8,56
2023-02-13,3_8,60
2023-02-20,3_8,58
2023-02-27,3_8,64
2023-03-06,3_8,69
2023-03-13,3_8,62
2023-03-20,3_8,68
2023-03-27,3_8,62
2023-04-03,3_8,60
2023-04-10,3_8,62
2023-04-17,3_8,60
2023-04-24,3_8,64
2023-05-01,3_8,59
2023-05-08,3_8,57
2023-05-15,3_8,61
2023-05-22,3_8,62
2023-05-29,3_8,68
2023-06-05,3_8,56
2023-06-12,3_8,75
2023-06-19,3_8,52
2023-06-26,3_8,67
2023-07-03,3_8,63
2023-07-10,3_8,63
2023-07-17,3_8,62
2023-07-24,3_8,68
2023-07-31,3_8,61
2023-08-07,3_8,56
2023-08-14,3_8,64
2023-08-21,3_8,56
2023-08-28,3_8,65
2023-09-04,3_8,65
2023-09-11,3_8,65
2023-09-18,3_8,53
2023-09-25,3_8,58
2023-10-02,3_8,69
2023-10-09,3_8,61
2023-10-16,3_8,59
2023-10-23,3_8,52
2023-10-30,3_8,56
2023-11-06,3_8,64
2023-11-13,3_8,62
2023-11-20,3_8,51
2023-11-27,3_8,64
2023-12-04,3_8,61
2023-12-11,3_8,62
2023-12-18,3_8,58
2023-01-02,3_9,62
2023-01-09,3_9,65
2023-01-16,3_9,62
2023-01-23,3_9,53
2023-01-30,3_9,59
2023-02-06,3_9,67
2023-02-13,3_9,59
2023-02-20,3_9,53
2023-02-27,3_9,67
2023-03-06,3_9,67
2023-03-13,3_9,53
2023-03-20,3_9,66
2023-03-27,3_9,69
2023-04-03,3_9,56
2023-04-10,3_9,50
2023-04-17,3_9,63
2023-04-24,3_9,71
2023-05-01,3_9,62
2023-05-08,3_9,54
2023-05-15,3_9,62
2023-05-22,3_9,64
2023-05-29,3_9,57
2023-06-05,3_9,62
2023-06-12,3_9,68
2023-06-19,3_9,63
2023-06-26,3_9,63
2023-07-03,3_9,61
2023-07-10,3_9,62
2023-07-17,3_9,56
2023-07-24,3_9,59
2023-07-31,3_9,63
2023-08-07,3_9,72
2023-08-14,3_9,54
2023-08-21,3_9,58
2023-08-28,3_9,63
2023-09-04,3_9,59
2023-09-11,3_9,67
2023-09-18,3_9,63
2023-09-25,3_9,48
2023-10-02,3_9,62
2023-10-09,3_9,64
2023-10-16,3_9,51
2023-10-23,3_9,64
2023-10-30,3_9,66
2023-11-06,3_9,57
2023-11-13,3_9,67
2023-11-20,3_9,62
2023-11-27,3_9,63
2023-12-04,3_9,63
2023-12-11,3_9,64
2023-12-18,3_9,57
2023-01-02,5_1,59
2023-01-09,5_1,56
2023-01-16,5_1,53
2023-01-23,5_1,66
2023-01-30,5_1,64
2023-02-06,5_1,57
2023-02-13,5_1,69
2023-02-20,5_1,55
2023-02-27,5_1,59
2023-03-06,5_1,71
2023-03-13,5_1,52
2023-03-20,5_1,66
2023-03-27,5_1,65
2023-04-03,5_1,58
2023-04-10,5_1,64
2023-04-17,5_1,71
2023-04-24,5_1,67
2023-05-01,5_1,62
2023-05-08,5_1,57
2023-05-15,5_1,63
2023-05-22,5_1,58
2023-05-29,5_1,56
2023-06-05,5_1,66
2023-06-12,5_1,62
2023-06-19,5_1,58
2023-06-26,5_1,59
2023-07-03,5_1,74
2023-07-10,5_1,61
2023-07-17,5_1,59
2023-07-24,5_1,63
2023-07-31,5_1,51
2023-08-07,5_1,64
2023-08-14,5_1,59
2023-08-21,5_1,67
2023-08-28,5_1,60
2023-09-04,5_1,60
2023-09-11,5_1,51
2023-09-18,5_1,62
2023-09-25,5_1,54
2023-10-02,5_1,58
2023-10-09,5_1,67
2023-10-16,5_1,65
2023-10-23,5_1,54
2023-10-30,5_1,66
2023-11-06,5_1,59
2023-11-13,5_1,57
2023-11-20,5_1,62
2023-11-27,5_1,61
2023-12-04,5_1,65
2023-12-11,5_1,51
2023-12-18,5_1,57
2023-01-02,5_10,58
2023-01-09,5_10,60
2023-01-16,5_10,60
2023-01-23,5_10,70
2023-01-30,5_10,65
2023-02-06,5_10,66
2023-02-13,5_10,66
2023-02-20,5_10,53
2023-02-27,5_10,67
2023-03-06,5_10,53
2023-03-13,5_10,62
2023-03-20,5_10,68
2023-03-27,5_10,59
2023-04-03,5_10,55
2023-04-10,5_10,62
2023-04-17,5_10,60
2023-04-24,5_10,59
2023-05-01,5_10,60
2023-05-08,5_10,62
2023-05-15,5_10,51
2023-05-22,5_10,73
2023-05-29,5_10,59
2023-06-05,5_10,63
2023-06-12,5_10,61
2023-06-19,5_10,62
2023-06-26,5_10,63
2023-07-03,5_10,58
2023-07-10,5_10,61
2023-07-17,5_10,64
2023-07-24,5_10,59
2023-07-31,5_10,67
2023-08-07,5_10,59
2023-08-14,5_10,67
2023-08-21,5_10,63
2023-08-28,5_10,57
2023-09-04,5_10,65
2023-09-11,5_10,64
2023-09-18,5_10,62
2023-09-25,5_10,61
2023-10-02,5_10,65
2023-10-09,5_10,62
2023-10-16,5_10,68
2023-10-23,5_10,56
2023-10-30,5_10,62
2023-11-06,5_10,60
2023-11-13,5_10,52
2023-11-20,5_10,69
2023-11-27,5_10,59
2023-12-04,5_10,62
2023-12-11,5_10,67
2023-12-18,5_10,53
2023-01-02,5_11,63
2023-01-09,5_11,60
2023-01-16,5_11,60
2023-01-23,5_11,65
2023-01-30,5_11,61
2023-02-06,5_11,64
2023-02-13,5_11,59
2023-02-20,5_11,58
2023-02-27,5_11,54
2023-03-06,5_11,60
2023-03-13,5_11,63
2023-03-20,5_11,58
2023-03-27,5_11,69
2023-04-03,5_11,68
2023-04-10,5_11,60
2023-04-17,5_11,63
2023-04-24,5_11,66
2023-05-01,5_11,59
2023-05-08,5_11,62
2023-05-15,5_11,64
2023-05-22,5_11,61
2023-05-29,5_11,59
2023-06-05,5_11,75
2023-06-12,5_11,53
2023-06-19,5_11,64
2023-06-26,5_11,57
2023-07-03,5_11,58
2023-07-10,5_11,63
2023-07-17,5_11,65
2023-07-24,5_11,56
2023-07-31,5_11,62
2023-08-07,5_11,61
2023-08-14,5_11,60
2023-08-21,5_11,52
2023-08-28,5_11,70
2023-09-04,5_11,66
2023-09-11,5_11,49
2023-09-18,5_11,64
2023-09-25,5_11,60
2023-10-02,5_11,62
2023-10-09,5_11,61
2023-10-16,5_11,60
2023-10-23,5_11,58
2023-10-30,5_11,59
2023-11-06,5_11,62
2023-11-13,5_11,66
2023-11-20,5_11,62
2023-11-27,5_11,62
2023-12-04,5_11,66
2023-12-11,5_11,57
2023-12-18,5_11,69
2023-01-02,5_12,66
2023-01-09,5_12,55
2023-01-16,5_12,63
2023-01-23,5_12,52
2023-01-30,5_12,66
2023-02-06,5_12,53
2023-02-13,5_12,61
2023-02-20,5_12,67
2023-02-27,5_12,61
2023-03-06,5_12,57
2023-03-13,5_12,66
2023-03-20,5_12,58
2023-03-27,5_12,59
2023-04-03,5_12,64
2023-04-10,5_12,73
2023-04-17,5_12,50
2023-04-24,5_12,68
2023-05-01,5_12,57
2023-05-08,5_12,58
2023-05-15,5_12,60
2023-05-22,5_12,63
2023-05-29,5_12,64
2023-06-05,5_12,71
2023-06-12,5_12,51
2023-06-19,5_12,68
2023-06-26,5_12,65
2023-07-03,5_12,54
2023-07-10,5_12,55
2023-07-17,5_12,67
2023-07-24,5_12,65
2023-07-31,5_12,60
2023-08-07,5_12,67
2023-08-14,5_12,66
2023-08-21,5_12,66
2023-08-28,5_12,63
2023-09-04,5_12,57
2023-09-11,5_12,57
2023-09-18,5_12,66
2023-09-25,5_12,57
2023-10-02,5_12,67
2023-10-09,5_12,52
2023-10-16,5_12,66
2023-10-23,5_12,69
2023-10-30,5_12,67
2023-11-06,5_12,63
2023-11-13,5_12,60
2023-11-20,5_12,48
2023-11-27,5_12,57
2023-12-04,5_12,59
2023-12-11,5_12,67
2023-12-18,5_12,61
2023-01-02,5_13,52
2023-01-09,5_13,66
2023-01-16,5_13,61
2023-01-23,5_13,53
2023-01-30,5_13,65
2023-02-06,5_13,62
2023-02-13,5_13,62
2023-02-20,5_13,69
2023-02-27,5_13,64
2023-03-06,5_13,60
2023-03-13,5_13,63
2023-03-20,5_13,60
2023-03-27,5_13,55
2023-04-03,5_13,63
2023-04-10,5_13,59
2023-04-17,5_13,66
2023-04-24,5_13,62
2023-05-01,5_13,61
2023-05-08,5_13,62
2023-05-15,5_13,57
2023-05-22,5_13,72
2023-05-29,5_13,61
2023-06-05,5_13,59
2023-06-12,5_13,61
2023-06-19,5_13,62
2023-06-26,5_13,59
2023-07-03,5_13,53
2023-07-10,5_13,56
2023-07-17,5_13,65
2023-07-24,5_13,66
2023-07-31,5_13,59
2023-08-07,5_13,54
2023-08-14,5_13,65
2023-08-21,5_13,61
2023-08-28,5_13,60
2023-09-04,5_13,64
2023-09-11,5_13,54
2023-09-18,5_13,52
2023-09-25,5_13,66
2023-10-02,5_13,53
2023-10-09,5_13,61
2023-10-16,5_13,64
2023-10-23,5_13,56
2023-10-30,5_13,73
2023-11-06,5_13,57
2023-11-13,5_13,64
2023-11-20,5_13,52
2023-11-27,5_13,60
2023-12-04,5_13,65
2023-12-11,5_13,57
2023-12-18,5_13,59
2023-01-02,5_14,53
2023-01-09,5_14,68
2023-01-16,5_14,50
2023-01-23,5_14,65
2023-01-30,5_14,64
2023-02-06,5_14,61
2023-02-13,5_14,72
2023-02-20,5_14,47
2023-02-27,5_14,65
2023-03-06,5_14,55
2023-03-13,5_14,56
2023-03-20,5_14,63
2023-03-27,5_14,70
2023-04-03,5_14,56
2023-04-10,5_14,59
2023-04-17,5_14,64
2023-04-24,5_14,59
2023-05-01,5_14,55
2023-05-08,5_14,59
2023-05-15,5_14,69
2023-05-22,5_14,61
2023-05-29,5_14,57
2023-06-05,5_14,69
2023-06-12,5_14,56
2023-06-19,5_14,68
2023-06-26,5_14,68
2023-07-03,5_14,57
2023-07-10,5_14,58
2023-07-17,5_14,52
2023-07-24,5_14,65
2023-07-31,5_14,55
2023-08-07,5_14,58
2023-08-14,5_14,60
2023-08-21,5_14,64
2023-08-28,5_14,56
2023-09-04,5_14,62
2023-09-11,5_14,65
2023-09-18,5_14,60
2023-09-25,5_14,58
2023-10-02,5_14,59
2023-10-09,5_14,61
2023-10-16,5_14,64
2023-10-23,5_14,61
2023-10-30,5_14,61
2023-11-06,5_14,64
2023-11-13,5_14,64
2023-11-20,5_14,60
2023-11-27,5_14,70
2023-12-04,5_14,67
2023-12-11,5_14,52
2023-12-18,5_14,70
2023-01-02,5_15,62
2023-01-09,5_15,61
2023-01-16,5_15,52
2023-01-23,5_15,68
2023-01-30,5_15,64
2023-02-06,5_15,61
2023-02-13,5_15,53
2023-02-20,5_15,60
2023-02-27,5_15,63
2023-03-06,5_15,65
2023-03-13,5_15,63
2023-03-20,5_15,59
2023-03-27,5_15,52
2023-04-03,5_15,62
2023-04-10,5_15,61
2023-04-17,5_15,69
2023-04-24,5_15,59
2023-05-01,5_15,72
2023-05-08,5_15,52
2023-05-15,5_15,65
2023-05-22,5_15,61
2023-05-29,5_15,54
2023-06-05,5_15,60
2023-06-12,5_15,69
2023-06-19,5_15,52
2023-06-26,5_15,53
2023-07-03,5_15,71
2023-07-10,5_15,61
2023-07-17,5_15,59
2023-07-24,5_15,64
2023-07-31,5_15,55
2023-08-07,5_15,70
2023-08-14,5_15,52
2023-08-21,5_15,70
2023-08-28,5_15,57
2023-09-04,5_15,61
2023-09-11,5_15,56
2023-09-18,5_15,63
2023-09-25,5_15,57
2023-10-02,5_15,55
2023-10-09,5_15,64
2023-10-16,5_15,55
2023-10-23,5_15,70
2023-10-30,5_15,62
2023-11-06,5_15,66
2023-11-13,5_15,58
2023-11-20,5_15,69
2023-11-27,5_15,47
2023-12-04,5_15,62
2023-12-11,5_15,72
2023-12-18,5_15,64
2023-01-02,5_16,57
2023-01-09,5_16,55
2023-01-16,5_16,66
2023-01-23,5_16,66
2023-01-30,5_16,60
2023-02-06,5_16,62
2023-02-13,5_16,64
2023-02-20,5_16,59
2023-02-27,5_16,64
2023-03-06,5_16,68
2023-03-13,5_16,61
2023-03-20,5_16,58
2023-03-27,5_16,64
2023-04-03,5_16,54
2023-04-10,5_16,58
2023-04-17,5_16,48
2023-04-24,5_16,70
2023-05-01,5_16,56
2023-05-08,5_16,63
2023-05-15,5_16,60
2023-05-22,5_16,59
2023-05-29,5_16,65
2023-06-05,5_16,55
2023-06-12,5_16,63
2023-06-19,5_16,59
2023-06-26,5_16,70
2023-07-03,5_16,54
2023-07-10,5_16,63
2023-07-17,5_16,65
2023-07-24,5_16,56
2023-07-31,5_16,62
2023-08-07,5_16,56
2023-08-14,5_16,55
2023-08-21,5_16,60
2023-08-28,5_16,66
2023-09-04,5_16,62
2023-09-11,5_16,53
2023-09-18,5_16,64
2023-09-25,5_16,58
2023-10-02,5_16,53
2023-10-09,5_16,67
2023-10-16,5_16,65
2023-10-23,5_16,57
2023-10-30,5_16,63
2023-11-06,5_16,65
2023-11-13,5_16,61
2023-11-20,5_16,55
2023-11-27,5_16,70
2023-12-04,5_16,58
2023-12-11,5_16,72
2023-12-18,5_16,59
2023-01-02,5_17,58
2023-01-09,5_17,55
2023-01-16,5_17,66
2023-01-23,5_17,61
2023-01-30,5_17,60
2023-02-06,5_17,68
2023-02-13,5_17,66
2023-02-20,5_17,56
2023-02-27,5_17,65
2023-03-06,5_17,61
2023-03-13,5_17,59
2023-03-20,5_17,54
2023-03-27,5_17,61
2023-04-03,5_17,58
2023-04-10,5_17,55
2023-04-17,5_17,64
2023-04-24,5_17,50
2023-05-01,5_17,68
2023-05-08,5_17,62
2023-05-15,5_17,64
2023-05-22,5_17,56
2023-05-29,5_17,58
2023-06-05,5_17,60
2023-06-12,5_17,58
2023-06-19,5_17,58
2023-06-26,5_17,55
2023-07-03,5_17,64
2023-07-10,5_17,57
2023-07-17,5_17,61
2023-07-24,5_17,62
2023-07-31,5_17,57
2023-08-07,5_17,66
2023-08-14,5_17,54
2023-08-21,5_17,62
2023-08-28,5_17,55
2023-09-04,5_17,69
2023-09-11,5_17,50
2023-09-18,5_17,59
2023-09-25,5_17,70
2023-10-02,5_17,56
2023-10-09,5_17,67
2023-10-16,5_17,71
2023-10-23,5_17,52
2023-10-30,5_17,71
2023-11-06,5_17,57
2023-11-13,5_17,63
2023-11-20,5_17,62
2023-11-27,5_17,69
2023-12-04,5_17,58
2023-12-11,5_17,56
2023-12-18,5_17,69
2023-01-02,5_18,62
2023-01-09,5_18,59
2023-01-16,5_18,63
2023-01-23,5_18,56
2023-01-30,5_18,45
2023-02-06,5_18,67
2023-02-13,5_18,61
2023-02-20,5_18,53
2023-02-27,5_18,67
2023-03-06,5_18,64
2023-03-13,5_18,63
2023-03-20,5_18,66
2023-03-27,5_18,60
2023-04-03,5_18,61
2023-04-10,5_18,56
2023-04-17,5_18,69
2023-04-24,5_18,65
2023-05-01,5_18,59
2023-05-08,5_18,59
2023-05-15,5_18,71
2023-05-22,5_18,52
2023-05-29,5_18,66
2023-06-05,5_18,69
2023-06-12,5_18,58
2023-06-19,5_18,66
2023-06-26,5_18,58
2023-07-03,5_18,59
2023-07-10,5_18,70
2023-07-17,5_18,58
2023-07-24,5_18,60
2023-07-31,5_18,60
2023-08-07,5_18,61
2023-08-14,5_18,65
2023-08-21,5_18,64
2023-08-28,5_18,63
2023-09-04,5_18,60
2023-09-11,5_18,54
2023-09-18,5_18,62
2023-09-25,5_18,66
2023-10-02,5_18,60
2023-10-09,5_18,50
2023-10-16,5_18,62
2023-10-23,5_18,54
2023-10-30,5_18,69
2023-11-06,5_18,65
2023-11-13,5_18,58
2023-11-20,5_18,69
2023-11-27,5_18,71
2023-12-04,5_18,63
2023-12-11,5_18,57
2023-12-18,5_18,66
2023-01-02,5_19,50
2023-01-09,5_19,61
2023-01-16,5_19,55
2023-01-23,5_19,53
2023-01-30,5_19,58
2023-02-06,5_19,67
2023-02-13,5_19,54
2023-02-20,5_19,63
2023-02-27,5_19,56
2023-03-06,5_19,60
2023-03-13,5_19,53
2023-03-20,5_19,59
2023-03-27,5_19,66
2023-04-03,5_19,64
2023-04-10,5_19,60
2023-04-17,5_19,61
2023-04-24,5_19,52
2023-05-01,5_19,64
2023-05-08,5_19,58
2023-05-15,5_19,55
2023-05-22,5_19,66
2023-05-29,5_19,58
2023-06-05,5_19,64
2023-06-12,5_19,58
2023-06-19,5_19,59
2023-06-26,5_19,50
2023-07-03,5_19,65
2023-07-10,5_19,62
2023-07-17,5_19,56
2023-07-24,5_19,66
2023-07-31,5_19,63
2023-08-07,5_19,58
2023-08-14,5_19,58
2023-08-21,5_19,62
2023-08-28,5_19,65
2023-09-04,5_19,62
2023-09-11,5_19,56
2023-09-18,5_19,56
2023-09-25,5_19,57
2023-10-02,5_19,61
2023-10-09,5_19,66
2023-10-16,5_19,64
2023-10-23,5_19,48
2023-10-30,5_19,73
2023-11-06,5_19,58
2023-11-13,5_19,61
2023-11-20,5_19,59
2023-11-27,5_19,61
2023-12-04,5_19,61
2023-12-11,5_19,69
2023-12-18,5_19,54
2023-01-02,5_2,58
2023-01-09,5_2,61
2023-01-16,5_2,63
2023-01-23,5_2,65
2023-01-30,5_2,63
2023-02-06,5_2,59
2023-02-13,5_2,68
2023-02-20,5_2,67
2023-02-27,5_2,60
2023-03-06,5_2,64
2023-03-13,5_2,56
2023-03-20,5_2,69
2023-03-27,5_2,54
2023-04-03,5_2,69
2023-04-10,5_2,59
2023-04-17,5_2,49
2023-04-24,5_2,65
2023-05-01,5_2,56
2023-05-08,5_2,57
2023-05-15,5_2,61
2023-05-22,5_2,65
2023-05-29,5_2,58
2023-06-05,5_2,63
2023-06-12,5_2,62
2023-06-19,5_2,54
2023-06-26,5_2,71
2023-07-03,5_2,66
2023-07-10,5_2,58
2023-07-17,5_2,66
2023-07-24,5_2,50
2023-07-31,5_2,61
2023-08-07,5_2,60
2023-08-14,5_2,50
2023-08-21,5_2,58
2023-08-28,5_2,64
2023-09-04,5_2,54
2023-09-11,5_2,57
2023-09-18,5_2,63
2023-09-25,5_2,57
2023-10-02,5_2,59
2023-10-09,5_2,60
2023-10-16,5_2,70
2023-10-23,5_2,69
2023-10-30,5_2,58
2023-11-06,5_2,55
2023-11-13,5_2,52
2023-11-20,5_2,75
2023-11-27,5_2,63
2023-12-04,5_2,61
2023-12-11,5_2,65
2023-12-18,5_2,64
2023-01-02,5_20,56
2023-01-09,5_20,53
2023-01-16,5_20,70
2023-01-23,5_20,49
2023-01-30,5_20,65
2023-02-06,5_20,48
2023-02-13,5_20,61
2023-02-20,5_20,60
2023-02-27,5_20,63
2023-03-06,5_20,68
2023-03-13,5_20,62
2023-03-20,5_20,65
2023-03-27,5_20,67
2023-04-03,5_20,60
2023-04-10,5_20,61
2023-04-17,5_20,66
2023-04-24,5_20,57
2023-05-01,5_20,53
2023-05-08,5_20,56
2023-05-15,5_20,58
2023-05-22,5_20,68
2023-05-29,5_20,55
2023-06-05,5_20,60
2023-06-12,5_20,68
2023-06-19,5_20,62
2023-06-26,5_20,51
2023-07-03,5_20,63
2023-07-10,5_20,63
2023-07-17,5_20,61
2023-07-24,5_20,65
2023-07-31,5_20,61
2023-08-07,5_20,69
2023-08-14,5_20,62
2023-08-21,5_20,66
2023-08-28,5_20,64
2023-09-04,5_20,58
2023-09-11,5_20,61
2023-09-18,5_20,55
2023-09-25,5_20,47
2023-10-02,5_20,66
2023-10-09,5_20,60
2023-10-16,5_20,58
2023-10-23,5_20,58
2023-10-30,5_20,64
2023-11-06,5_20,68
2023-11-13,5_20,51
2023-11-20,5_20,62
2023-11-27,5_20,58
2023-12-04,5_20,61
2023-12-11,5_20,70
2023-12-18,5_20,54
2023-01-02,5_3,57
2023-01-09,5_3,61
2023-01-16,5_3,54
2023-01-23,5_3,62
2023-01-30,5_3,65
2023-02-06,5_3,72
2023-02-13,5_3,55
2023-02-20,5_3,50
2023-02-27,5_3,68
2023-03-06,5_3,58
2023-03-13,5_3,65
2023-03-20,5_3,63
2023-03-27,5_3,62
2023-04-03,5_3,60
2023-04-10,5_3,53
2023-04-17,5_3,66
2023-04-24,5_3,69
2023-05-01,5_3,51
2023-05-08,5_3,64
2023-05-15,5_3,62
2023-05-22,5_3,50
2023-05-29,5_3,69
2023-06-05,5_3,56
2023-06-12,5_3,71
2023-06-19,5_3,52
2023-06-26,5_3,67
2023-07-03,5_3,66
2023-07-10,5_3,64
2023-07-17,5_3,62
2023-07-24,5_3,56
2023-07-31,5_3,74
2023-08-07,5_3,53
2023-08-14,5_3,54
2023-08-21,5_3,66
2023-08-28,5_3,67
2023-09-04,5_3,58
2023-09-11,5_3,65
2023-09-18,5_3,55
2023-09-25,5_3,67
2023-10-02,5_3,53
2023-10-09,5_3,57
2023-10-16,5_3,56
2023-10-23,5_3,53
2023-10-30,5_3,62
2023-11-06,5_3,64
2023-11-13,5_3,70
2023-11-20,5_3,58
2023-11-27,5_3,51
2023-12-04,5_3,58
2023-12-11,5_3,60
2023-12-18,5_3,65
2023-01-02,5_4,66
2023-01-09,5_4,57
2023-01-16,5_4,57
2023-01-23,5_4,56
2023-01-30,5_4,61
2023-02-06,5_4,66
2023-02-13,5_4,61
2023-02-20,5_4,54
2023-02-27,5_4,51
2023-03-06,5_4,59
2023-03-13,5_4,54
2023-03-20,5_4,62
2023-03-27,5_4,69
2023-04-03,5_4,57
2023-04-10,5_4,67
2023-04-17,5_4,60
2023-04-24,5_4,63
2023-05-01,5_4,65
2023-05-08,5_4,66
2023-05-15,5_4,61
2023-05-22,5_4,62
2023-05-29,5_4,66
2023-06-05,5_4,50
2023-06-12,5_4,71
2023-06-19,5_4,50
2023-06-26,5_4,55
2023-07-03,5_4,67
2023-07-10,5_4,64
2023-07-17,5_4,56
2023-07-24,5_4,65
2023-07-31,5_4,64
2023-08-07,5_4,69
2023-08-14,5_4,61
2023-08-21,5_4,58
2023-08-28,5_4,54
2023-09-04,5_4,56
2023-09-11,5_4,60
2023-09-18,5_4,63
2023-09-25,5_4,64
2023-10-02,5_4,64
2023-10-09,5_4,62
2023-10-16,5_4,59
2023-10-23,5_4,66
2023-10-30,5_4,61
2023-11-06,5_4,60
2023-11-13,5_4,63
2023-11-20,5_4,62
2023-11-27,5_4,66
2023-12-04,5_4,63
2023-12-11,5_4,53
2023-12-18,5_4,62
2023-01-02,5_5,62
2023-01-09,5_5,67
2023-01-16,5_5,50
2023-01-23,5_5,64
2023-01-30,5_5,62
2023-02-06,5_5,54
2023-02-13,5_5,65
2023-02-20,5_5,52
2023-02-27,5_5,66
2023-03-06,5_5,69
2023-03-13,5_5,52
2023-03-20,5_5,63
2023-03-27,5_5,71
2023-04-03,5_5,59
2023-04-10,5_5,57
2023-04-17,5_5,69
2023-04-24,5_5,59
2023-05-01,5_5,69
2023-05-08,5_5,57
2023-05-15,5_5,58
2023-05-22,5_5,64
2023-05-29,5_5,70
2023-06-05,5_5,58
2023-06-12,5_5,57
2023-06-19,5_5,65
2023-06-26,5_5,57
2023-07-03,5_5,58
2023-07-10,5_5,57
2023-07-17,5_5,62
2023-07-24,5_5,53
2023-07-31,5_5,55
2023-08-07,5_5,63
2023-08-14,5_5,58
2023-08-21,5_5,48
2023-08-28,5_5,70
2023-09-04,5_5,65
2023-09-11,5_5,56
2023-09-18,5_5,53
2023-09-25,5_5,70
2023-10-02,5_5,57
2023-10-09,5_5,59
2023-10-16,5_5,67
2023-10-23,5_5,63
2023-10-30,5_5,62
2023-11-06,5_5,63
2023-11-13,5_5,56
2023-11-20,5_5,63
2023-11-27,5_5,53
2023-12-04,5_5,63
2023-12-11,5_5,65
2023-12-18,5_5,63
2023-01-02,5_6,59
2023-01-09,5_6,65
2023-01-16,5_6,65
2023-01-23,5_6,56
2023-01-30,5_6,59
2023-02-06,5_6,65
2023-02-13,5_6,56
2023-02-20,5_6,65
2023-02-27,5_6,56
2023-03-06,5_6,51
2023-03-13,5_6,61
2023-03-20,5_6,62
2023-03-27,5_6,64
2023-04-03,5_6,65
2023-04-10,5_6,53
2023-04-17,5_6,56
2023-04-24,5_6,73
2023-05-01,5_6,52
2023-05-08,5_6,58
2023-05-15,5_6,64
2023-05-22,5_6,56
2023-05-29,5_6,59
2023-06-05,5_6,57
2023-06-12,5_6,59
2023-06-19,5_6,66
2023-06-26,5_6,63
2023-07-03,5_6,53
2023-07-10,5_6,56
2023-07-17,5_6,66
2023-07-24,5_6,61
2023-07-31,5_6,69
2023-08-07,5_6,55
2023-08-14,5_6,58
2023-08-21,5_6,53
2023-08-28,5_6,57
2023-09-04,5_6,58
2023-09-11,5_6,57
2023-09-18,5_6,61
2023-09-25,5_6,59
2023-10-02,5_6,62
2023-10-09,5_6,59
2023-10-16,5_6,60
2023-10-23,5_6,62
2023-10-30,5_6,59
2023-11-06,5_6,72
2023-11-13,5_6,64
2023-11-20,5_6,70
2023-11-27,5_6,54
2023-12-04,5_6,56
2023-12-11,5_6,62
2023-12-18,5_6,71
2023-01-02,5_7,62
2023-01-09,5_7,51
2023-01-16,5_7,65
2023-01-23,5_7,67
2023-01-30,5_7,71
2023-02-06,5_7,60
2023-02-13,5_7,45
2023-02-20,5_7,66
2023-02-27,5_7,56
2023-03-06,5_7,57
2023-03-13,5_7,59
2023-03-20,5_7,55
2023-03-27,5_7,63
2023-04-03,5_7,70
2023-04-10,5_7,58
2023-04-17,5_7,58
2023-04-24,5_7,64
2023-05-01,5_7,60
2023-05-08,5_7,53
2023-05-15,5_7,61
2023-05-22,5_7,62
2023-05-29,5_7,58
2023-06-05,5_7,51
2023-06-12,5_7,67
2023-06-19,5_7,61
2023-06-26,5_7,64
2023-07-03,5_7,63
2023-07-10,5_7,66
2023-07-17,5_7,51
2023-07-24,5_7,64
2023-07-31,5_7,62
2023-08-07,5_7,59
2023-08-14,5_7,63
2023-08-21,5_7,65
2023-08-28,5_7,62
2023-09-04,5_7,62
2023-09-11,5_7,57
2023-09-18,5_7,59
2023-09-25,5_7,57
2023-10-02,5_7,60
2023-10-09,5_7,55
2023-10-16,5_7,58
2023-10-23,5_7,66
2023-10-30,5_7,57
2023-11-06,5_7,50
2023-11-13,5_7,64
2023-11-20,5_7,58
2023-11-27,5_7,54
2023-12-04,5_7,62
2023-12-11,5_7,65
2023-12-18,5_7,58
2023-01-02,5_8,50
2023-01-09,5_8,65
2023-01-16,5_8,58
2023-01-23,5_8,56
2023-01-30,5_8,62
2023-02-06,5_8,67
2023-02-13,5_8,63
2023-02-20,5_8,53
2023-02-27,5_8,64
2023-03-06,5_8,59
2023-03-13,5_8,63
2023-03-20,5_8,70
2023-03-27,5_8,66
2023-04-03,5_8,57
2023-04-10,5_8,59
2023-04-17,5_8,55
2023-04-24,5_8,65
2023-05-01,5_8,58
2023-05-08,5_8,60
2023-05-15,5_8,52
2023-05-22,5_8,58
2023-05-29,5_8,71
2023-06-05,5_8,52
2023-06-12,5_8,68
2023-06-19,5_8,65
2023-06-26,5_8,67
2023-07-03,5_8,64
2023-07-10,5_8,55
2023-07-17,5_8,60
2023-07-24,5_8,55
2023-07-31,5_8,59
2023-08-07,5_8,61
2023-08-14,5_8,67
2023-08-21,5_8,46
2023-08-28,5_8,60
2023-09-04,5_8,66
2023-09-11,5_8,58
2023-09-18,5_8,67
2023-09-25,5_8,66
2023-10-02,5_8,58
2023-10-09,5_8,61
2023-10-16,5_8,72
2023-10-23,5_8,59
2023-10-30,5_8,59
2023-11-06,5_8,70
2023-11-13,5_8,58
2023-11-20,5_8,66
2023-11-27,5_8,57
2023-12-04,5_8,56
2023-12-11,5_8,67
2023-12-18,5_8,65
2023-01-02,5_9,60
2023-01-09,5_9,66
2023-01-16,5_9,60
2023-01-23,5_9,57
2023-01-30,5_9,64
2023-02-06,5_9,65
2023-02-13,5_9,65
2023-02-20,5_9,62
2023-02-27,5_9,61
2023-03-06,5_9,56
2023-03-13,5_9,56
2023-03-20,5_9,60
2023-03-27,5_9,63
2023-04-03,5_9,59
2023-04-10,5_9,61
2023-04-17,5_9,62
2023-04-24,5_9,64
2023-05-01,5_9,58
2023-05-08,5_9,70
2023-05-15,5_9,59
2023-05-22,5_9,67
2023-05-29,5_9,51
2023-06-05,5_9,59
2023-06-12,5_9,60
2023-06-19,5_9,58
2023-06-26,5_9,64
2023-07-03,5_9,64
2023-07-10,5_9,68
2023-07-17,5_9,51
2023-07-24,5_9,60
2023-07-31,5_9,61
2023-08-07,5_9,55
2023-08-14,5_9,61
2023-08-21,5_9,59
2023-08-28,5_9,51
2023-09-04,5_9,61
2023-09-11,5_9,66
2023-09-18,5_9,60
2023-09-25,5_9,61
2023-10-02,5_9,62
2023-10-09,5_9,53
2023-10-16,5_9,71
2023-10-23,5_9,59
2023-10-30,5_9,49
2023-11-06,5_9,62
2023-11-13,5_9,55
2023-11-20,5_9,56
2023-11-27,5_9,56
2023-12-04,5_9,67
2023-12-11,5_9,61
2023-12-18,5_9,59
2023-01-02,8_1,66
2023-01-09,8_1,52
2023-01-16,8_1,61
2023-01-23,8_1,62
2023-01-30,8_1,59
2023-02-06,8_1,63
2023-02-13,8_1,60
2023-02-20,8_1,65
2023-02-27,8_1,61
2023-03-06,8_1,60
2023-03-13,8_1,59
2023-03-20,8_1,56
2023-03-27,8_1,67
2023-04-03,8_1,71
2023-04-10,8_1,52
2023-04-17,8_1,62
2023-04-24,8_1,65
2023-05-01,8_1,59
2023-05-08,8_1,61
2023-05-15,8_1,59
2023-05-22,8_1,61
2023-05-29,8_1,60
2023-06-05,8_1,64
2023-06-12,8_1,69
2023-06-19,8_1,57
2023-06-26,8_1,58
2023-07-03,8_1,61
2023-07-10,8_1,54
2023-07-17,8_1,68
2023-07-24,8_1,64
2023-07-31,8_1,59
2023-08-07,8_1,55
2023-08-14,8_1,70
2023-08-21,8_1,59
2023-08-28,8_1,53
2023-09-04,8_1,71
2023-09-11,8_1,57
2023-09-18,8_1,52
2023-09-25,8_1,68
2023-10-02,8_1,58
2023-10-09,8_1,58
2023-10-16,8_1,68
2023-10-23,8_1,53
2023-10-30,8_1,63
2023-11-06,8_1,61
2023-11-13,8_1,73
2023-11-20,8_1,59
2023-11-27,8_1,56
2023-12-04,8_1,61
2023-12-11,8_1,72
2023-12-18,8_1,62
2023-01-02,8_10,59
2023-01-09,8_10,61
2023-01-16,8_10,51
2023-01-23,8_10,63
2023-01-30,8_10,63
2023-02-06,8_10,52
2023-02-13,8_10,71
2023-02-20,8_10,70
2023-02-27,8_10,57
2023-03-06,8_10,59
2023-03-13,8_10,58
2023-03-20,8_10,61
2023-03-27,8_10,60
2023-04-03,8_10,64
2023-04-10,8_10,66
2023-04-17,8_10,60
2023-04-24,8_10,57
2023-05-01,8_10,60
2023-05-08,8_10,68
2023-05-15,8_10,57
2023-05-22,8_10,60
2023-05-29,8_10,60
2023-06-05,8_10,57
2023-06-12,8_10,57
2023-06-19,8_10,61
2023-06-26,8_10,60
2023-07-03,8_10,69
2023-07-10,8_10,58
2023-07-17,8_10,68
2023-07-24,8_10,65
2023-07-31,8_10,58
2023-08-07,8_10,53
2023-08-14,8_10,56
2023-08-21,8_10,66
2023-08-28,8_10,65
2023-09-04,8_10,54
2023-09-11,8_10,61
2023-09-18,8_10,69
2023-09-25,8_10,56
2023-10-02,8_10,56
2023-10-09,8_10,59
2023-10-16,8_10,62
2023-10-23,8_10,54
2023-10-30,8_10,53
2023-11-06,8_10,55
2023-11-13,8_10,66
2023-11-20,8_10,66
2023-11-27,8_10,54
2023-12-04,8_10,72
2023-12-11,8_10,57
2023-12-18,8_10,54
2023-01-02,8_11,65
2023-01-09,8_11,51
2023-01-16,8_11,67
2023-01-23,8_11,50
2023-01-30,8_11,63
2023-02-06,8_11,66
2023-02-13,8_11,63
2023-02-20,8_11,61
2023-02-27,8_11,60
2023-03-06,8_11,47
2023-03-13,8_11,62
2023-03-20,8_11,66
2023-03-27,8_11,61
2023-04-03,8_11,65
2023-04-10,8_11,71
2023-04-17,8_11,61
2023-04-24,8_11,59
2023-05-01,8_11,58
2023-05-08,8_11,63
2023-05-15,8_11,73
2023-05-22,8_11,52
2023-05-29,8_11,64
2023-06-05,8_11,63
2023-06-12,8_11,65
2023-06-19,8_11,49
2023-06-26,8_11,68
2023-07-03,8_11,56
2023-07-10,8_11,56
2023-07-17,8_11,58
2023-07-24,8_11,66
2023-07-31,8_11,63
2023-08-07,8_11,52
2023-08-14,8_11,56
2023-08-21,8_11,60
2023-08-28,8_11,64
2023-09-04,8_11,56
2023-09-11,8_11,67
2023-09-18,8_11,60
2023-09-25,8_11,63
2023-10-02,8_11,64
2023-10-09,8_11,59
2023-10-16,8_11,56
2023-10-23,8_11,61
2023-10-30,8_11,62
2023-11-06,8_11,60
2023-11-13,8_11,65
2023-11-20,8_11,55
2023-11-27,8_11,69
2023-12-04,8_11,61
2023-12-11,8_11,58
2023-12-18,8_11,56
2023-01-02,8_12,61
2023-01-09,8_12,57
2023-01-16,8_12,58
2023-01-23,8_12,60
2023-01-30,8_12,68
2023-02-06,8_12,62
2023-02-13,8_12,57
2023-02-20,8_12,61
2023-02-27,8_12,68
2023-03-06,8_12,59
2023-03-13,8_12,54
2023-03-20,8_12,65
2023-03-27,8_12,57
2023-04-03,8_12,50
2023-04-10,8_12,65
2023-04-17,8_12,71
2023-04-24,8_12,51
2023-05-01,8_12,59
2023-05-08,8_12,62
2023-05-15,8_12,61
2023-05-22,8_12,64
2023-05-29,8_12,58
2023-06-05,8_12,63
2023-06-12,8_12,68
2023-06-19,8_12,60
2023-06-26,8_12,67
2023-07-03,8_12,58
2023-07-10,8_12,64
2023-07-17,8_12,61
2023-07-24,8_12,59
2023-07-31,8_12,49
2023-08-07,8_12,73
2023-08-14,8_12,62
2023-08-21,8_12,65
2023-08-28,8_12,68
2023-09-04,8_12,53
2023-09-11,8_12,59
2023-09-18,8_12,53
2023-09-25,8_12,57
2023-10-02,8_12,56
2023-10-09,8_12,63
2023-10-16,8_12,61
2023-10-23,8_12,66
2023-10-30,8_12,60
2023-11-06,8_12,56
2023-11-13,8_12,69
2023-11-20,8_12,63
2023-11-27,8_12,51
2023-12-04,8_12,60
2023-12-11,8_12,57
2023-12-18,8_12,61
2023-01-02,8_13,60
2023-01-09,8_13,57
2023-01-16,8_13,68
2023-01-23,8_13,54
2023-01-30,8_13,73
2023-02-06,8_13,51
2023-02-13,8_13,56
2023-02-20,8_13,61
2023-02-27,8_13,56
2023-03-06,8_13,58
2023-03-13,8_13,54
2023-03-20,8_13,61
2023-03-27,8_13,56
2023-04-03,8_13,51
2023-04-10,8_13,60
2023-04-17,8_13,60
2023-04-24,8_13,59
2023-05-01,8_13,54
2023-05-08,8_13,65
2023-05-15,8_13,56
2023-05-22,8_13,61
2023-05-29,8_13,59
2023-06-05,8_13,64
2023-06-12,8_13,62
2023-06-19,8_13,49
2023-06-26,8_13,56
2023-07-03,8_13,68
2023-07-10,8_13,50
2023-07-17,8_13,70
2023-07-24,8_13,53
2023-07-31,8_13,53
2023-08-07,8_13,64
2023-08-14,8_13,59
2023-08-21,8_13,65
2023-08-28,8_13,60
2023-09-04,8_13,69
2023-09-11,8_13,61
2023-09-18,8_13,59
2023-09-25,8_13,62
2023-10-02,8_13,58
2023-10-09,8_13,68
2023-10-16,8_13,57
2023-10-23,8_13,70
2023-10-30,8_13,61
2023-11-06,8_13,65
2023-11-13,8_13,61
2023-11-20,8_13,58
2023-11-27,8_13,62
2023-12-04,8_13,68
2023-12-11,8_13,54
2023-12-18,8_13,66
2023-01-02,8_14,55
2023-01-09,8_14,61
2023-01-16,8_14,62
2023-01-23,8_14,71
2023-01-30,8_14,57
2023-02-06,8_14,55
2023-02-13,8_14,64
2023-02-20,8_14,59
2023-02-27,8_14,65
2023-03-06,8_14,58
2023-03-13,8_14,63
2023-03-20,8_14,62
2023-03-27,8_14,68
2023-04-03,8_14,52
2023-04-10,8_14,68
2023-04-17,8_14,58
2023-04-24,8_14,62
2023-05-01,8_14,63
2023-05-08,8_14,52
2023-05-15,8_14,53
2023-05-22,8_14,59
2023-05-29,8_14,63
2023-06-05,8_14,66
2023-06-12,8_14,53
2023-06-19,8_14,65
2023-06-26,8_14,61
2023-07-03,8_14,60
2023-07-10,8_14,55
2023-07-17,8_14,55
2023-07-24,8_14,58
2023-07-31,8_14,64
2023-08-07,8_14,66
2023-08-14,8_14,51
2023-08-21,8_14,58
2023-08-28,8_14,60
2023-09-04,8_14,57
2023-09-11,8_14,71
2023-09-18,8_14,63
2023-09-25,8_14,62
2023-10-02,8_14,51
2023-10-09,8_14,70
2023-10-16,8_14,59
2023-10-23,8_14,57
2023-10-30,8_14,63
2023-11-06,8_14,70
2023-11-13,8_14,63
2023-11-20,8_14,61
2023-11-27,8_14,56
2023-12-04,8_14,61
2023-12-11,8_14,56
2023-12-18,8_14,61
2023-01-02,8_15,75
2023-01-09,8_15,55
2023-01-16,8_15,55
2023-01-23,8_15,55
2023-01-30,8_15,61
2023-02-06,8_15,63
2023-02-13,8_15,68
2023-02-20,8_15,55
2023-02-27,8_15,58
2023-03-06,8_15,63
2023-03-13,8_15,61
2023-03-20,8_15,56
2023-03-27,8_15,58
2023-04-03,8_15,63
2023-04-10,8_15,58
2023-04-17,8_15,58
2023-04-24,8_15,58
2023-05-01,8_15,61
2023-05-08,8_15,55
2023-05-15,8_15,68
2023-05-22,8_15,54
2023-05-29,8_15,63
2023-06-05,8_15,61
2023-06-12,8_15,68
2023-06-19,8_15,66
2023-06-26,8_15,59
2023-07-03,8_15,63
2023-07-10,8_15,57
2023-07-17,8_15,60
2023-07-24,8_15,62
2023-07-31,8_15,64
2023-08-07,8_15,64
2023-08-14,8_15,52
2023-08-21,8_15,65
2023-08-28,8_15,65
2023-09-04,8_15,65
2023-09-11,8_15,62
2023-09-18,8_15,51
2023-09-25,8_15,59
2023-10-02,8_15,56
2023-10-09,8_15,53
2023-10-16,8_15,61
2023-10-23,8_15,69
2023-10-30,8_15,63
2023-11-06,8_15,62
2023-11-13,8_15,57
2023-11-20,8_15,63
2023-11-27,8_15,61
2023-12-04,8_15,61
2023-12-11,8_15,60
2023-12-18,8_15,61
2023-01-02,8_16,60
2023-01-09,8_16,66
2023-01-16,8_16,55
2023-01-23,8_16,71
2023-01-30,8_16,55
2023-02-06,8_16,62
2023-02-13,8_16,50
2023-02-20,8_16,60
2023-02-27,8_16,68
2023-03-06,8_16,59
2023-03-13,8_16,72
2023-03-20,8_16,60
2023-03-27,8_16,60
2023-04-03,8_16,63
2023-04-10,8_16,58
2023-04-17,8_16,59
2023-04-24,8_16,59
2023-05-01,8_16,58
2023-05-08,8_16,63
2023-05-15,8_16,64
2023-05-22,8_16,55
2023-05-29,8_16,51
2023-06-05,8_16,70
2023-06-12,8_16,61
2023-06-19,8_16,64
2023-06-26,8_16,54
2023-07-03,8_16,60
2023-07-10,8_16,66
2023-07-17,8_16,57
2023-07-24,8_16,60
2023-07-31,8_16,71
2023-08-07,8_16,54
2023-08-14,8_16,56
2023-08-21,8_16,57
2023-08-28,8_16,66
2023-09-04,8_16,60
2023-09-11,8_16,62
2023-09-18,8_16,63
2023-09-25,8_16,64
2023-10-02,8_16,60
2023-10-09,8_16,58
2023-10-16,8_16,53
2023-10-23,8_16,57
2023-10-30,8_16,57
2023-11-06,8_16,69
2023-11-13,8_16,61
2023-11-20,8_16,56
2023-11-27,8_16,56
2023-12-04,8_16,59
2023-12-11,8_16,68
2023-12-18,8_16,58
2023-01-02,8_17,67
2023-01-09,8_17,53
2023-01-16,8_17,66
2023-01-23,8_17,61
2023-01-30,8_17,59
2023-02-06,8_17,54
2023-02-13,8_17,64
2023-02-20,8_17,59
2023-02-27,8_17,62
2023-03-06,8_17,66
2023-03-13,8_17,64
2023-03-20,8_17,67
2023-03-27,8_17,57
2023-04-03,8_17,51
2023-04-10,8_17,73
2023-04-17,8_17,51
2023-04-24,8_17,73
2023-05-01,8_17,58
2023-05-08,8_17,61
2023-05-15,8_17,69
2023-05-22,8_17,55
2023-05-29,8_17,56
2023-06-05,8_17,67
2023-06-12,8_17,60
2023-06-19,8_17,60
2023-06-26,8_17,54
2023-07-03,8_17,62
2023-07-10,8_17,55
2023-07-17,8_17,69
2023-07-24,8_17,54
2023-07-31,8_17,59
2023-08-07,8_17,53
2023-08-14,8_17,66
2023-08-21,8_17,65
2023-08-28,8_17,67
2023-09-04,8_17,65
2023-09-11,8_17,52
2023-09-18,8_17,59
2023-09-25,8_17,60
2023-10-02,8_17,55
2023-10-09,8_17,70
2023-10-16,8_17,56
2023-10-23,8_17,51
2023-10-30,8_17,64
2023-11-06,8_17,55
2023-11-13,8_17,60
2023-11-20,8_17,55
2023-11-27,8_17,63
2023-12-04,8_17,53
2023-12-11,8_17,71
2023-12-18,8_17,63
2023-01-02,8_18,61
2023-01-09,8_18,61
2023-01-16,8_18,57
2023-01-23,8_18,62
2023-01-30,8_18,67
2023-02-06,8_18,63
2023-02-13,8_18,56
2023-02-20,8_18,65
2023-02-27,8_18,61
2023-03-06,8_18,54
2023-03-13,8_18,67
2023-03-20,8_18,60
2023-03-27,8_18,66
2023-04-03,8_18,54
2023-04-10,8_18,72
2023-04-17,8_18,61
2023-04-24,8_18,61
2023-05-01,8_18,53
2023-05-08,8_18,59
2023-05-15,8_18,66
2023-05-22,8_18,61
2023-05-29,8_18,60
2023-06-05,8_18,59
2023-06-12,8_18,67
2023-06-19,8_18,55
2023-06-26,8_18,66
2023-07-03,8_18,62
2023-07-10,8_18,57
2023-07-17,8_18,66
2023-07-24,8_18,57
2023-07-31,8_18,70
2023-08-07,8_18,59
2023-08-14,8_18,55
2023-08-21,8_18,60
2023-08-28,8_18,68
2023-09-04,8_18,63
2023-09-11,8_18,60
2023-09-18,8_18,66
2023-09-25,8_18,63
2023-10-02,8_18,62
2023-10-09,8_18,64
2023-10-16,8_18,53
2023-10-23,8_18,56
2023-10-30,8_18,61
2023-11-06,8_18,55
2023-11-13,8_18,56
2023-11-20,8_18,68
2023-11-27,8_18,56
2023-12-04,8_18,61
2023-12-11,8_18,67
2023-12-18,8_18,58
2023-01-02,8_19,54
2023-01-09,8_19,70
2023-01-16,8_19,60
2023-01-23,8_19,64
2023-01-30,8_19,68
2023-02-06,8_19,59
2023-02-13,8_19,61
2023-02-20,8_19,60
2023-02-27,8_19,58
2023-03-06,8_19,68
2023-03-13,8_19,62
2023-03-20,8_19,56
2023-03-27,8_19,61
2023-04-03,8_19,56
2023-04-10,8_19,66
2023-04-17,8_19,56
2023-04-24,8_19,59
2023-05-01,8_19,67
2023-05-08,8_19,56
2023-05-15,8_19,72
2023-05-22,8_19,60
2023-05-29,8_19,63
2023-06-05,8_19,66
2023-06-12,8_19,56
2023-06-19,8_19,71
2023-06-26,8_19,52
2023-07-03,8_19,62
2023-07-10,8_19,56
2023-07-17,8_19,70
2023-07-24,8_19,57
2023-07-31,8_19,61
2023-08-07,8_19,61
2023-08-14,8_19,67
2023-08-21,8_19,62
2023-08-28,8_19,63
2023-09-04,8_19,58
2023-09-11,8_19,55
2023-09-18,8_19,62
2023-09-25,8_19,63
2023-10-02,8_19,49
2023-10-09,8_19,59
2023-10-16,8_19,59
2023-10-23,8_19,63
2023-10-30,8_19,58
2023-11-06,8_19,61
2023-11-13,8_19,59
2023-11-20,8_19,64
2023-11-27,8_19,74
2023-12-04,8_19,51
2023-12-11,8_19,70
2023-12-18,8_19,55
2023-01-02,8_2,50
2023-01-09,8_2,61
2023-01-16,8_2,69
2023-01-23,8_2,66
2023-01-30,8_2,50
2023-02-06,8_2,61
2023-02-13,8_2,62
2023-02-20,8_2,72
2023-02-27,8_2,57
2023-03-06,8_2,65
2023-03-13,8_2,65
2023-03-20,8_2,52
2023-03-27,8_2,59
2023-04-03,8_2,59
2023-04-10,8_2,65
2023-04-17,8_2,69
2023-04-24,8_2,58
2023-05-01,8_2,66
2023-05-08,8_2,60
2023-05-15,8_2,65
2023-05-22,8_2,55
2023-05-29,8_2,59
2023-06-05,8_2,60
2023-06-12,8_2,66
2023-06-19,8_2,49
2023-06-26,8_2,64
2023-07-03,8_2,58
2023-07-10,8_2,58
2023-07-17,8_2,61
2023-07-24,8_2,58
2023-07-31,8_2,53
2023-08-07,8_2,60
2023-08-14,8_2,63
2023-08-21,8_2,59
2023-08-28,8_2,66
2023-09-04,8_2,57
2023-09-11,8_2,71
2023-09-18,8_2,63
2023-09-25,8_2,64
2023-10-02,8_2,53
2023-10-09,8_2,57
2023-10-16,8_2,65
2023-10-23,8_2,54
2023-10-30,8_2,54
2023-11-06,8_2,65
2023-11-13,8_2,70
2023-11-20,8_2,58
2023-11-27,8_2,59
2023-12-04,8_2,70
2023-12-11,8_2,55
2023-12-18,8_2,65
2023-01-02,8_20,61
2023-01-09,8_20,59
2023-01-16,8_20,58
2023-01-23,8_20,58
2023-01-30,8_20,63
2023-02-06,8_20,53
2023-02-13,8_20,64
2023-02-20,8_20,56
2023-02-27,8_20,64
2023-03-06,8_20,76
2023-03-13,8_20,63
2023-03-20,8_20,52
2023-03-27,8_20,72
2023-04-03,8_20,52
2023-04-10,8_20,68
2023-04-17,8_20,50
2023-04-24,8_20,68
2023-05-01,8_20,58
2023-05-08,8_20,49
2023-05-15,8_20,58
2023-05-22,8_20,63
2023-05-29,8_20,58
2023-06-05,8_20,61
2023-06-12,8_20,63
2023-06-19,8_20,56
2023-06-26,8_20,64
2023-07-03,8_20,60
2023-07-10,8_20,63
2023-07-17,8_20,70
2023-07-24,8_20,66
2023-07-31,8_20,57
2023-08-07,8_20,62
2023-08-14,8_20,52
2023-08-21,8_20,61
2023-08-28,8_20,72
2023-09-04,8_20,56
2023-09-11,8_20,61
2023-09-18,8_20,62
2023-09-25,8_20,54
2023-10-02,8_20,68
2023-10-09,8_20,56
2023-10-16,8_20,51
2023-10-23,8_20,67
2023-10-30,8_20,60
2023-11-06,8_20,64
2023-11-13,8_20,62
2023-11-20,8_20,53
2023-11-27,8_20,61
2023-12-04,8_20,67
2023-12-11,8_20,61
2023-12-18,8_20,63
2023-01-02,8_3,63
2023-01-09,8_3,58
2023-01-16,8_3,63
2023-01-23,8_3,62
2023-01-30,8_3,62
2023-02-06,8_3,58
2023-02-13,8_3,55
2023-02-20,8_3,63
2023-02-27,8_3,58
2023-03-06,8_3,61
2023-03-13,8_3,57
2023-03-20,8_3,53
2023-03-27,8_3,59
2023-04-03,8_3,58
2023-04-10,8_3,69
2023-04-17,8_3,61
2023-04-24,8_3,59
2023-05-01,8_3,55
2023-05-08,8_3,64
2023-05-15,8_3,62
2023-05-22,8_3,57
2023-05-29,8_3,70
2023-06-05,8_3,53
2023-06-12,8_3,69
2023-06-19,8_3,59
2023-06-26,8_3,58
2023-07-03,8_3,60
2023-07-10,8_3,54
2023-07-17,8_3,56
2023-07-24,8_3,67
2023-07-31,8_3,53
2023-08-07,8_3,62
2023-08-14,8_3,52
2023-08-21,8_3,58
2023-08-28,8_3,61
2023-09-04,8_3,59
2023-09-11,8_3,63
2023-09-18,8_3,50
2023-09-25,8_3,64
2023-10-02,8_3,65
2023-10-09,8_3,57
2023-10-16,8_3,65
2023-10-23,8_3,52
2023-10-30,8_3,61
2023-11-06,8_3,59
2023-11-13,8_3,63
2023-11-20,8_3,49
2023-11-27,8_3,69
2023-12-04,8_3,62
2023-12-11,8_3,64
2023-12-18,8_3,56
2023-01-02,8_4,60
2023-01-09,8_4,63
2023-01-16,8_4,53
2023-01-23,8_4,67
2023-01-30,8_4,54
2023-02-06,8_4,57
2023-02-13,8_4,68
2023-02-20,8_4,53
2023-02-27,8_4,64
2023-03-06,8_4,52
2023-03-13,8_4,61
2023-03-20,8_4,55
2023-03-27,8_4,70
2023-04-03,8_4,62
2023-04-10,8_4,61
2023-04-17,8_4,61
2023-04-24,8_4,72
2023-05-01,8_4,61
2023-05-08,8_4,57
2023-05-15,8_4,58
2023-05-22,8_4,54
2023-05-29,8_4,59
2023-06-05,8_4,58
2023-06-12,8_4,66
2023-06-19,8_4,58
2023-06-26,8_4,65
2023-07-03,8_4,66
2023-07-10,8_4,56
2023-07-17,8_4,67
2023-07-24,8_4,62
2023-07-31,8_4,52
2023-08-07,8_4,63
2023-08-14,8_4,54
2023-08-21,8_4,71
2023-08-28,8_4,56
2023-09-04,8_4,66
2023-09-11,8_4,58
2023-09-18,8_4,66
2023-09-25,8_4,60
2023-10-02,8_4,54
2023-10-09,8_4,62
2023-10-16,8_4,56
2023-10-23,8_4,60
2023-10-30,8_4,61
2023-11-06,8_4,58
2023-11-13,8_4,51
2023-11-20,8_4,59
2023-11-27,8_4,57
2023-12-04,8_4,70
2023-12-11,8_4,58
2023-12-18,8_4,72
2023-01-02,8_5,62
2023-01-09,8_5,62
2023-01-16,8_5,60
2023-01-23,8_5,60
2023-01-30,8_5,68
2023-02-06,8_5,60
2023-02-13,8_5,56
2023-02-20,8_5,66
2023-02-27,8_5,69
2023-03-06,8_5,64
2023-03-13,8_5,56
2023-03-20,8_5,65
2023-03-27,8_5,69
2023-04-03,8_5,52
2023-04-10,8_5,61
2023-04-17,8_5,61
2023-04-24,8_5,63
2023-05-01,8_5,68
2023-05-08,8_5,48
2023-05-15,8_5,58
2023-05-22,8_5,69
2023-05-29,8_5,51
2023-06-05,8_5,71
2023-06-12,8_5,51
2023-06-19,8_5,54
2023-06-26,8_5,64
2023-07-03,8_5,50
2023-07-10,8_5,69
2023-07-17,8_5,59
2023-07-24,8_5,59
2023-07-31,8_5,72
2023-08-07,8_5,55
2023-08-14,8_5,53
2023-08-21,8_5,63
2023-08-28,8_5,56
2023-09-04,8_5,62
2023-09-11,8_5,71
2023-09-18,8_5,59
2023-09-25,8_5,53
2023-10-02,8_5,62
2023-10-09,8_5,55
2023-10-16,8_5,70
2023-10-23,8_5,49
2023-10-30,8_5,65
2023-11-06,8_5,56
2023-11-13,8_5,66
2023-11-20,8_5,64
2023-11-27,8_5,59
2023-12-04,8_5,56
2023-12-11,8_5,62
2023-12-18,8_5,60
2023-01-02,8_6,53
2023-01-09,8_6,62
2023-01-16,8_6,60
2023-01-23,8_6,57
2023-01-30,8_6,66
2023-02-06,8_6,60
2023-02-13,8_6,52
2023-02-20,8_6,65
2023-02-27,8_6,58
2023-03-06,8_6,63
2023-03-13,8_6,49
2023-03-20,8_6,56
2023-03-27,8_6,63
2023-04-03,8_6,66
2023-04-10,8_6,58
2023-04-17,8_6,71
2023-04-24,8_6,60
2023-05-01,8_6,64
2023-05-08,8_6,63
2023-05-15,8_6,58
2023-05-22,8_6,63
2023-05-29,8_6,59
2023-06-05,8_6,65
2023-06-12,8_6,49
2023-06-19,8_6,60
2023-06-26,8_6,64
2023-07-03,8_6,59
2023-07-10,8_6,58
2023-07-17,8_6,66
2023-07-24,8_6,54
2023-07-31,8_6,60
2023-08-07,8_6,55
2023-08-14,8_6,64
2023-08-21,8_6,67
2023-08-28,8_6,57
2023-09-04,8_6,63
2023-09-11,8_6,57
2023-09-18,8_6,57
2023-09-25,8_6,70
2023-10-02,8_6,49
2023-10-09,8_6,64
2023-10-16,8_6,49
2023-10-23,8_6,64
2023-10-30,8_6,53
2023-11-06,8_6,62
2023-11-13,8_6,61
2023-11-20,8_6,54
2023-11-27,8_6,64
2023-12-04,8_6,63
2023-12-11,8_6,58
2023-12-18,8_6,55
2023-01-02,8_7,60
2023-01-09,8_7,51
2023-01-16,8_7,63
2023-01-23,8_7,57
2023-01-30,8_7,45
2023-02-06,8_7,61
2023-02-13,8_7,55
2023-02-20,8_7,67
2023-02-27,8_7,55
2023-03-06,8_7,60
2023-03-13,8_7,63
2023-03-20,8_7,65
2023-03-27,8_7,65
2023-04-03,8_7,62
2023-04-10,8_7,62
2023-04-17,8_7,53
2023-04-24,8_7,61
2023-05-01,8_7,54
2023-05-08,8_7,69
2023-05-15,8_7,60
2023-05-22,8_7,50
2023-05-29,8_7,74
2023-06-05,8_7,50
2023-06-12,8_7,61
2023-06-19,8_7,71
2023-06-26,8_7,61
2023-07-03,8_7,59
2023-07-10,8_7,67
2023-07-17,8_7,59
2023-07-24,8_7,51
2023-07-31,8_7,58
2023-08-07,8_7,57
2023-08-14,8_7,61
2023-08-21,8_7,59
2023-08-28,8_7,54
2023-09-04,8_7,67
2023-09-11,8_7,60
2023-09-18,8_7,67
2023-09-25,8_7,50
2023-10-02,8_7,64
2023-10-09,8_7,64
2023-10-16,8_7,55
2023-10-23,8_7,62
2023-10-30,8_7,67
2023-11-06,8_7,60
2023-11-13,8_7,59
2023-11-20,8_7,56
2023-11-27,8_7,57
2023-12-04,8_7,71
2023-12-11,8_7,63
2023-12-18,8_7,50
2023-01-02,8_8,73
2023-01-09,8_8,48
2023-01-16,8_8,69
2023-01-23,8_8,60
2023-01-30,8_8,57
2023-02-06,8_8,61
2023-02-13,8_8,61
2023-02-20,8_8,59
2023-02-27,8_8,59
2023-03-06,8_8,63
2023-03-13,8_8,56
2023-03-20,8_8,62
2023-03-27,8_8,52
2023-04-03,8_8,63
2023-04-10,8_8,57
2023-04-17,8_8,66
2023-04-24,8_8,60
2023-05-01,8_8,49
2023-05-08,8_8,66
2023-05-15,8_8,61
2023-05-22,8_8,64
2023-05-29,8_8,69
2023-06-05,8_8,56
2023-06-12,8_8,55
2023-06-19,8_8,65
2023-06-26,8_8,61
2023-07-03,8_8,58
2023-07-10,8_8,52
2023-07-17,8_8,60
2023-07-24,8_8,60
2023-07-31,8_8,59
2023-08-07,8_8,52
2023-08-14,8_8,68
2023-08-21,8_8,46
2023-08-28,8_8,69
2023-09-04,8_8,59
2023-09-11,8_8,66
2023-09-18,8_8,60
2023-09-25,8_8,64
2023-10-02,8_8,58
2023-10-09,8_8,52
2023-10-16,8_8,59
2023-10-23,8_8,59
2023-10-30,8_8,62
2023-11-06,8_8,64
2023-11-13,8_8,60
2023-11-20,8_8,66
2023-11-27,8_8,54
2023-12-04,8_8,70
2023-12-11,8_8,61
2023-12-18,8_8,53
2023-01-02,8_9,67
2023-01-09,8_9,59
2023-01-16,8_9,67
2023-01-23,8_9,52
2023-01-30,8_9,65
2023-02-06,8_9,60
2023-02-13,8_9,55
2023-02-20,8_9,56
2023-02-27,8_9,60
2023-03-06,8_9,65
2023-03-13,8_9,54
2023-03-20,8_9,59
2023-03-27,8_9,61
2023-04-03,8_9,63
2023-04-10,8_9,55
2023-04-17,8_9,54
2023-04-24,8_9,67
2023-05-01,8_9,59
2023-05-08,8_9,60
2023-05-15,8_9,64
2023-05-22,8_9,64
2023-05-29,8_9,53
2023-06-05,8_9,55
2023-06-12,8_9,63
2023-06-19,8_9,59
2023-06-26,8_9,65
2023-07-03,8_9,55
2023-07-10,8_9,66
2023-07-17,8_9,56
2023-07-24,8_9,56
2023-07-31,8_9,65
2023-08-07,8_9,61
2023-08-14,8_9,56
2023-08-21,8_9,58
2023-08-28,8_9,55
2023-09-04,8_9,72
2023-09-11,8_9,53
2023-09-18,8_9,67
2023-09-25,8_9,63
2023-10-02,8_9,53
2023-10-09,8_9,62
2023-10-16,8_9,60
2023-10-23,8_9,53
2023-10-30,8_9,67
2023-11-06,8_9,58
2023-11-13,8_9,57
2023-11-20,8_9,48
2023-11-27,8_9,64
2023-12-04,8_9,53
2023-12-11,8_9,69
2023-12-18,8_9,57
2023-01-02,9_1,61
2023-01-09,9_1,67
2023-01-16,9_1,55
2023-01-23,9_1,72
2023-01-30,9_1,56
2023-02-06,9_1,64
2023-02-13,9_1,60
2023-02-20,9_1,67
2023-02-27,9_1,65
2023-03-06,9_1,62
2023-03-13,9_1,57
2023-03-20,9_1,63
2023-03-27,9_1,56
2023-04-03,9_1,63
2023-04-10,9_1,55
2023-04-17,9_1,59
2023-04-24,9_1,58
2023-05-01,9_1,75
2023-05-08,9_1,60
2023-05-15,9_1,56
2023-05-22,9_1,55
2023-05-29,9_1,63
2023-06-05,9_1,65
2023-06-12,9_1,60
2023-06-19,9_1,65
2023-06-26,9_1,52
2023-07-03,9_1,58
2023-07-10,9_1,70
2023-07-17,9_1,65
2023-07-24,9_1,56
2023-07-31,9_1,67
2023-08-07,9_1,65
2023-08-14,9_1,53
2023-08-21,9_1,66
2023-08-28,9_1,62
2023-09-04,9_1,73
2023-09-11,9_1,63
2023-09-18,9_1,63
2023-09-25,9_1,62
2023-10-02,9_1,56
2023-10-09,9_1,54
2023-10-16,9_1,52
2023-10-23,9_1,56
2023-10-30,9_1,68
2023-11-06,9_1,61
2023-11-13,9_1,64
2023-11-20,9_1,63
2023-11-27,9_1,54
2023-12-04,9_1,65
2023-12-11,9_1,64
2023-12-18,9_1,54
2023-01-02,9_10,66
2023-01-09,9_10,55
2023-01-16,9_10,62
2023-01-23,9_10,54
2023-01-30,9_10,58
2023-02-06,9_10,69
2023-02-13,9_10,53
2023-02-20,9_10,63
2023-02-27,9_10,66
2023-03-06,9_10,67
2023-03-13,9_10,58
2023-03-20,9_10,67
2023-03-27,9_10,55
2023-04-03,9_10,54
2023-04-10,9_10,60
2023-04-17,9_10,57
2023-04-24,9_10,72
2023-05-01,9_10,59
2023-05-08,9_10,60
2023-05-15,9_10,67
2023-05-22,9_10,50
2023-05-29,9_10,69
2023-06-05,9_10,54
2023-06-12,9_10,56
2023-06-19,9_10,62
2023-06-26,9_10,57
2023-07-03,9_10,71
2023-07-10,9_10,67
2023-07-17,9_10,56
2023-07-24,9_10,63
2023-07-31,9_10,53
2023-08-07,9_10,62
2023-08-14,9_10,59
2023-08-21,9_10,73
2023-08-28,9_10,51
2023-09-04,9_10,72
2023-09-11,9_10,63
2023-09-18,9_10,57
2023-09-25,9_10,57
2023-10-02,9_10,60
2023-10-09,9_10,52
2023-10-16,9_10,61
2023-10-23,9_10,66
2023-10-30,9_10,56
2023-11-06,9_10,46
2023-11-13,9_10,64
2023-11-20,9_10,53
2023-11-27,9_10,60
2023-12-04,9_10,69
2023-12-11,9_10,55
2023-12-18,9_10,54
2023-01-02,9_11,56
2023-01-09,9_11,60
2023-01-16,9_11,56
2023-01-23,9_11,57
2023-01-30,9_11,70
2023-02-06,9_11,61
2023-02-13,9_11,61
2023-02-20,9_11,60
2023-02-27,9_11,53
2023-03-06,9_11,66
2023-03-13,9_11,54
2023-03-20,9_11,62
2023-03-27,9_11,67
2023-04-03,9_11,62
2023-04-10,9_11,63
2023-04-17,9_11,61
2023-04-24,9_11,57
2023-05-01,9_11,63
2023-05-08,9_11,57
2023-05-15,9_11,49
2023-05-22,9_11,68
2023-05-29,9_11,62
2023-06-05,9_11,52
2023-06-12,9_11,60
2023-06-19,9_11,62
2023-06-26,9_11,54
2023-07-03,9_11,62
2023-07-10,9_11,56
2023-07-17,9_11,64
2023-07-24,9_11,59
2023-07-31,9_11,68
2023-08-07,9_11,57
2023-08-14,9_11,59
2023-08-21,9_11,66
2023-08-28,9_11,60
2023-09-04,9_11,60
2023-09-11,9_11,65
2023-09-18,9_11,54
2023-09-25,9_11,63
2023-10-02,9_11,63
2023-10-09,9_11,63
2023-10-16,9_11,51
2023-10-23,9_11,59
2023-10-30,9_11,61
2023-11-06,9_11,66
2023-11-13,9_11,67
2023-11-20,9_11,56
2023-11-27,9_11,63
2023-12-04,9_11,52
2023-12-11,9_11,64
2023-12-18,9_11,55
2023-01-02,9_12,55
2023-01-09,9_12,58
2023-01-16,9_12,60
2023-01-23,9_12,60
2023-01-30,9_12,67
2023-02-06,9_12,66
2023-02-13,9_12,54
2023-02-20,9_12,67
2023-02-27,9_12,55
2023-03-06,9_12,63
2023-03-13,9_12,47
2023-03-20,9_12,74
2023-03-27,9_12,53
2023-04-03,9_12,64
2023-04-10,9_12,63
2023-04-17,9_12,58
2023-04-24,9_12,62
2023-05-01,9_12,63
2023-05-08,9_12,53
2023-05-15,9_12,68
2023-05-22,9_12,48
2023-05-29,9_12,70
2023-06-05,9_12,54
2023-06-12,9_12,64
2023-06-19,9_12,56
2023-06-26,9_12,63
2023-07-03,9_12,57
2023-07-10,9_12,50
2023-07-17,9_12,66
2023-07-24,9_12,57
2023-07-31,9_12,63
2023-08-07,9_12,57
2023-08-14,9_12,61
2023-08-21,9_12,56
2023-08-28,9_12,58
2023-09-04,9_12,56
2023-09-11,9_12,63
2023-09-18,9_12,58
2023-09-25,9_12,72
2023-10-02,9_12,60
2023-10-09,9_12,59
2023-10-16,9_12,51
2023-10-23,9_12,59
2023-10-30,9_12,55
2023-11-06,9_12,62
2023-11-13,9_12,61
2023-11-20,9_12,66
2023-11-27,9_12,60
2023-12-04,9_12,64
2023-12-11,9_12,55
2023-12-18,9_12,62
2023-01-02,9_13,58
2023-01-09,9_13,57
2023-01-16,9_13,73
2023-01-23,9_13,57
2023-01-30,9_13,61
2023-02-06,9_13,55
2023-02-13,9_13,56
2023-02-20,9_13,67
2023-02-27,9_13,63
2023-03-06,9_13,55
2023-03-13,9_13,65
2023-03-20,9_13,58
2023-03-27,9_13,60
2023-04-03,9_13,56
2023-04-10,9_13,65
2023-04-17,9_13,61
2023-04-24,9_13,61
2023-05-01,9_13,60
2023-05-08,9_13,67
2023-05-15,9_13,59
2023-05-22,9_13,51
2023-05-29,9_13,59
2023-06-05,9_13,56
2023-06-12,9_13,65
2023-06-19,9_13,48
2023-06-26,9_13,56
2023-07-03,9_13,63
2023-07-10,9_13,70
2023-07-17,9_13,59
2023-07-24,9_13,61
2023-07-31,9_13,57
2023-08-07,9_13,62
2023-08-14,9_13,59
2023-08-21,9_13,65
2023-08-28,9_13,58
2023-09-04,9_13,62
2023-09-11,9_13,71
2023-09-18,9_13,55
2023-09-25,9_13,57
2023-10-02,9_13,56
2023-10-09,9_13,65
2023-10-16,9_13,68
2023-10-23,9_13,61
2023-10-30,9_13,57
2023-11-06,9_13,62
2023-11-13,9_13,53
2023-11-20,9_13,61
2023-11-27,9_13,67
2023-12-04,9_13,53
2023-12-11,9_13,57
2023-12-18,9_13,61
2023-01-02,9_14,48
2023-01-09,9_14,69
2023-01-16,9_14,59
2023-01-23,9_14,59
2023-01-30,9_14,60
2023-02-06,9_14,61
2023-02-13,9_14,58
2023-02-20,9_14,60
2023-02-27,9_14,65
2023-03-06,9_14,55
2023-03-13,9_14,69
2023-03-20,9_14,59
2023-03-27,9_14,60
2023-04-03,9_14,63
2023-04-10,9_14,63
2023-04-17,9_14,56
2023-04-24,9_14,64
2023-05-01,9_14,58
2023-05-08,9_14,62
2023-05-15,9_14,59
2023-05-22,9_14,53
2023-05-29,9_14,63
2023-06-05,9_14,64
2023-06-12,9_14,52
2023-06-19,9_14,56
2023-06-26,9_14,62
2023-07-03,9_14,55
2023-07-10,9_14,61
2023-07-17,9_14,66
2023-07-24,9_14,54
2023-07-31,9_14,59
2023-08-07,9_14,62
2023-08-14,9_14,56
2023-08-21,9_14,53
2023-08-28,9_14,64
2023-09-04,9_14,61
2023-09-11,9_14,58
2023-09-18,9_14,62
2023-09-25,9_14,63
2023-10-02,9_14,61
2023-10-09,9_14,65
2023-10-16,9_14,51
2023-10-23,9_14,60
2023-10-30,9_14,64
2023-11-06,9_14,60
2023-11-13,9_14,67
2023-11-20,9_14,62
2023-11-27,9_14,68
2023-12-04,9_14,65
2023-12-11,9_14,56
2023-12-18,9_14,67
2023-01-02,9_15,64
2023-01-09,9_15,57
2023-01-16,9_15,64
2023-01-23,9_15,62
2023-01-30,9_15,55
2023-02-06,9_15,61
2023-02-13,9_15,66
2023-02-20,9_15,58
2023-02-27,9_15,58
2023-03-06,9_15,68
2023-03-13,9_15,61
2023-03-20,9_15,56
2023-03-27,9_15,63
2023-04-03,9_15,55
2023-04-10,9_15,62
2023-04-17,9_15,67
2023-04-24,9_15,56
2023-05-01,9_15,69
2023-05-08,9_15,62
2023-05-15,9_15,72
2023-05-22,9_15,62
2023-05-29,9_15,58
2023-06-05,9_15,49
2023-06-12,9_15,63
2023-06-19,9_15,71
2023-06-26,9_15,61
2023-07-03,9_15,66
2023-07-10,9_15,57
2023-07-17,9_15,63
2023-07-24,9_15,69
2023-07-31,9_15,64
2023-08-07,9_15,61
2023-08-14,9_15,60
2023-08-21,9_15,57
2023-08-28,9_15,59
2023-09-04,9_15,67
2023-09-11,9_15,58
2023-09-18,9_15,65
2023-09-25,9_15,71
2023-10-02,9_15,62
2023-10-09,9_15,64
2023-10-16,9_15,54
2023-10-23,9_15,60
2023-10-30,9_15,47
2023-11-06,9_15,68
2023-11-13,9_15,55
2023-11-20,9_15,69
2023-11-27,9_15,58
2023-12-04,9_15,57
2023-12-11,9_15,58
2023-12-18,9_15,56
2023-01-02,9_16,56
2023-01-09,9_16,68
2023-01-16,9_16,54
2023-01-23,9_16,69
2023-01-30,9_16,57
2023-02-06,9_16,70
2023-02-13,9_16,59
2023-02-20,9_16,72
2023-02-27,9_16,57
2023-03-06,9_16,72
2023-03-13,9_16,60
2023-03-20,9_16,69
2023-03-27,9_16,46
2023-04-03,9_16,69
2023-04-10,9_16,59
2023-04-17,9_16,67
2023-04-24,9_16,53
2023-05-01,9_16,72
2023-05-08,9_16,53
2023-05-15,9_16,61
2023-05-22,9_16,62
2023-05-29,9_16,64
2023-06-05,9_16,53
2023-06-12,9_16,55
2023-06-19,9_16,62
2023-06-26,9_16,59
2023-07-03,9_16,66
2023-07-10,9_16,54
2023-07-17,9_16,63
2023-07-24,9_16,54
2023-07-31,9_16,62
2023-08-07,9_16,67
2023-08-14,9_16,59
2023-08-21,9_16,58
2023-08-28,9_16,55
2023-09-04,9_16,59
2023-09-11,9_16,60
2023-09-18,9_16,62
2023-09-25,9_16,68
2023-10-02,9_16,61
2023-10-09,9_16,48
2023-10-16,9_16,62
2023-10-23,9_16,55
2023-10-30,9_16,54
2023-11-06,9_16,65
2023-11-13,9_16,61
2023-11-20,9_16,64
2023-11-27,9_16,63
2023-12-04,9_16,58
2023-12-11,9_16,52
2023-12-18,9_16,56
2023-01-02,9_17,60
2023-01-09,9_17,55
2023-01-16,9_17,58
2023-01-23,9_17,67
2023-01-30,9_17,63
2023-02-06,9_17,55
2023-02-13,9_17,66
2023-02-20,9_17,58
2023-02-27,9_17,64
2023-03-06,9_17,59
2023-03-13,9_17,65
2023-03-20,9_17,63
2023-03-27,9_17,61
2023-04-03,9_17,60
2023-04-10,9_17,51
2023-04-17,9_17,61
2023-04-24,9_17,59
2023-05-01,9_17,64
2023-05-08,9_17,61
2023-05-15,9_17,68
2023-05-22,9_17,60
2023-05-29,9_17,61
2023-06-05,9_17,62
2023-06-12,9_17,62
2023-06-19,9_17,65
2023-06-26,9_17,54
2023-07-03,9_17,63
2023-07-10,9_17,71
2023-07-17,9_17,53
2023-07-24,9_17,64
2023-07-31,9_17,64
2023-08-07,9_17,57
2023-08-14,9_17,56
2023-08-21,9_17,61
2023-08-28,9_17,73
2023-09-04,9_17,52
2023-09-11,9_17,56
2023-09-18,9_17,56
2023-09-25,9_17,67
2023-10-02,9_17,61
2023-10-09,9_17,63
2023-10-16,9_17,53
2023-10-23,9_17,62
2023-10-30,9_17,56
2023-11-06,9_17,63
2023-11-13,9_17,58
2023-11-20,9_17,55
2023-11-27,9_17,52
2023-12-04,9_17,66
2023-12-11,9_17,65
2023-12-18,9_17,62
2023-01-02,9_18,71
2023-01-09,9_18,56
2023-01-16,9_18,55
2023-01-23,9_18,64
2023-01-30,9_18,63
2023-02-06,9_18,69
2023-02-13,9_18,58
2023-02-20,9_18,64
2023-02-27,9_18,73
2023-03-06,9_18,52
2023-03-13,9_18,56
2023-03-20,9_18,69
2023-03-27,9_18,63
2023-04-03,9_18,52
2023-04-10,9_18,62
2023-04-17,9_18,60
2023-04-24,9_18,64
2023-05-01,9_18,66
2023-05-08,9_18,54
2023-05-15,9_18,70
2023-05-22,9_18,65
2023-05-29,9_18,65
2023-06-05,9_18,52
2023-06-12,9_18,60
2023-06-19,9_18,57
2023-06-26,9_18,66
2023-07-03,9_18,59
2023-07-10,9_18,71
2023-07-17,9_18,56
2023-07-24,9_18,61
2023-07-31,9_18,62
2023-08-07,9_18,64
2023-08-14,9_18,58
2023-08-21,9_18,53
2023-08-28,9_18,65
2023-09-04,9_18,56
2023-09-11,9_18,59
2023-09-18,9_18,63
2023-09-25,9_18,63
2023-10-02,9_18,60
2023-10-09,9_18,68
2023-10-16,9_18,62
2023-10-23,9_18,63
2023-10-30,9_18,58
2023-11-06,9_18,62
2023-11-13,9_18,58
2023-11-20,9_18,67
2023-11-27,9_18,57
2023-12-04,9_18,58
2023-12-11,9_18,63
2023-12-18,9_18,60
2023-01-02,9_19,58
2023-01-09,9_19,59
2023-01-16,9_19,52
2023-01-23,9_19,57
2023-01-30,9_19,61
2023-02-06,9_19,65
2023-02-13,9_19,60
2023-02-20,9_19,65
2023-02-27,9_19,60
2023-03-06,9_19,64
2023-03-13,9_19,62
2023-03-20,9_19,55
2023-03-27,9_19,60
2023-04-03,9_19,62
2023-04-10,9_19,54
2023-04-17,9_19,60
2023-04-24,9_19,65
2023-05-01,9_19,59
2023-05-08,9_19,59
2023-05-15,9_19,58
2023-05-22,9_19,59
2023-05-29,9_19,66
2023-06-05,9_19,54
2023-06-12,9_19,68
2023-06-19,9_19,49
2023-06-26,9_19,57
2023-07-03,9_19,66
2023-07-10,9_19,63
2023-07-17,9_19,62
2023-07-24,9_19,57
2023-07-31,9_19,53
2023-08-07,9_19,65
2023-08-14,9_19,53
2023-08-21,9_19,69
2023-08-28,9_19,58
2023-09-04,9_19,73
2023-09-11,9_19,53
2023-09-18,9_19,58
2023-09-25,9_19,71
2023-10-02,9_19,63
2023-10-09,9_19,63
2023-10-16,9_19,50
2023-10-23,9_19,70
2023-10-30,9_19,61
2023-11-06,9_19,60
2023-11-13,9_19,67
2023-11-20,9_19,49
2023-11-27,9_19,66
2023-12-04,9_19,59
2023-12-11,9_19,67
2023-12-18,9_19,60
2023-01-02,9_2,59
2023-01-09,9_2,60
2023-01-16,9_2,59
2023-01-23,9_2,66
2023-01-30,9_2,55
2023-02-06,9_2,60
2023-02-13,9_2,53
2023-02-20,9_2,59
2023-02-27,9_2,65
2023-03-06,9_2,62
2023-03-13,9_2,66
2023-03-20,9_2,60
2023-03-27,9_2,58
2023-04-03,9_2,55
2023-04-10,9_2,52
2023-04-17,9_2,54
2023-04-24,9_2,65
2023-05-01,9_2,69
2023-05-08,9_2,54
2023-05-15,9_2,53
2023-05-22,9_2,64
2023-05-29,9_2,57
2023-06-05,9_2,67
2023-06-12,9_2,50
2023-06-19,9_2,68
2023-06-26,9_2,61
2023-07-03,9_2,61
2023-07-10,9_2,56
2023-07-17,9_2,64
2023-07-24,9_2,59
2023-07-31,9_2,67
2023-08-07,9_2,65
2023-08-14,9_2,52
2023-08-21,9_2,69
2023-08-28,9_2,52
2023-09-04,9_2,70
2023-09-11,9_2,67
2023-09-18,9_2,52
2023-09-25,9_2,67
2023-10-02,9_2,62
2023-10-09,9_2,55
2023-10-16,9_2,67
2023-10-23,9_2,51
2023-10-30,9_2,64
2023-11-06,9_2,68
2023-11-13,9_2,54
2023-11-20,9_2,57
2023-11-27,9_2,58
2023-12-04,9_2,68
2023-12-11,9_2,61
2023-12-18,9_2,54
2023-01-02,9_20,55
2023-01-09,9_20,70
2023-01-16,9_20,58
2023-01-23,9_20,68
2023-01-30,9_20,56
2023-02-06,9_20,63
2023-02-13,9_20,54
2023-02-20,9_20,63
2023-02-27,9_20,61
2023-03-06,9_20,61
2023-03-13,9_20,60
2023-03-20,9_20,69
2023-03-27,9_20,64
2023-04-03,9_20,57
2023-04-10,9_20,67
2023-04-17,9_20,59
2023-04-24,9_20,64
2023-05-01,9_20,53
2023-05-08,9_20,71
2023-05-15,9_20,55
2023-05-22,9_20,56
2023-05-29,9_20,60
2023-06-05,9_20,59
2023-06-12,9_20,55
2023-06-19,9_20,66
2023-06-26,9_20,54
2023-07-03,9_20,72
2023-07-10,9_20,61
2023-07-17,9_20,58
2023-07-24,9_20,59
2023-07-31,9_20,59
2023-08-07,9_20,65
2023-08-14,9_20,52
2023-08-21,9_20,64
2023-08-28,9_20,65
2023-09-04,9_20,65
2023-09-11,9_20,65
2023-09-18,9_20,56
2023-09-25,9_20,57
2023-10-02,9_20,71
2023-10-09,9_20,62
2023-10-16,9_20,60
2023-10-23,9_20,49
2023-10-30,9_20,67
2023-11-06,9_20,66
2023-11-13,9_20,61
2023-11-20,9_20,63
2023-11-27,9_20,58
2023-12-04,9_20,61
2023-12-11,9_20,65
2023-12-18,9_20,55
2023-01-02,9_3,72
2023-01-09,9_3,62
2023-01-16,9_3,60
2023-01-23,9_3,70
2023-01-30,9_3,56
2023-02-06,9_3,65
2023-02-13,9_3,56
2023-02-20,9_3,62
2023-02-27,9_3,66
2023-03-06,9_3,65
2023-03-13,9_3,64
2023-03-20,9_3,57
2023-03-27,9_3,63
2023-04-03,9_3,56
2023-04-10,9_3,66
2023-04-17,9_3,60
2023-04-24,9_3,58
2023-05-01,9_3,64
2023-05-08,9_3,58
2023-05-15,9_3,72
2023-05-22,9_3,62
2023-05-29,9_3,57
2023-06-05,9_3,57
2023-06-12,9_3,68
2023-06-19,9_3,56
2023-06-26,9_3,70
2023-07-03,9_3,66
2023-07-10,9_3,58
2023-07-17,9_3,61
2023-07-24,9_3,62
2023-07-31,9_3,63
2023-08-07,9_3,54
2023-08-14,9_3,69
2023-08-21,9_3,48
2023-08-28,9_3,57
2023-09-04,9_3,68
2023-09-11,9_3,62
2023-09-18,9_3,61
2023-09-25,9_3,57
2023-10-02,9_3,60
2023-10-09,9_3,55
2023-10-16,9_3,63
2023-10-23,9_3,56
2023-10-30,9_3,56
2023-11-06,9_3,62
2023-11-13,9_3,62
2023-11-20,9_3,48
2023-11-27,9_3,64
2023-12-04,9_3,62
2023-12-11,9_3,64
2023-12-18,9_3,63
2023-01-02,9_4,66
2023-01-09,9_4,59
2023-01-16,9_4,56
2023-01-23,9_4,64
2023-01-30,9_4,63
2023-02-06,9_4,57
2023-02-13,9_4,69
2023-02-20,9_4,52
2023-02-27,9_4,64
2023-03-06,9_4,71
2023-03-13,9_4,58
2023-03-20,9_4,61
2023-03-27,9_4,60
2023-04-03,9_4,59
2023-04-10,9_4,67
2023-04-17,9_4,55
2023-04-24,9_4,66
2023-05-01,9_4,57
2023-05-08,9_4,63
2023-05-15,9_4,56
2023-05-22,9_4,61
2023-05-29,9_4,50
2023-06-05,9_4,71
2023-06-12,9_4,57
2023-06-19,9_4,52
2023-06-26,9_4,57
2023-07-03,9_4,66
2023-07-10,9_4,57
2023-07-17,9_4,62
2023-07-24,9_4,66
2023-07-31,9_4,61
2023-08-07,9_4,62
2023-08-14,9_4,52
2023-08-21,9_4,66
2023-08-28,9_4,67
2023-09-04,9_4,59
2023-09-11,9_4,66
2023-09-18,9_4,58
2023-09-25,9_4,63
2023-10-02,9_4,55
2023-10-09,9_4,65
2023-10-16,9_4,54
2023-10-23,9_4,66
2023-10-30,9_4,50
2023-11-06,9_4,66
2023-11-13,9_4,56
2023-11-20,9_4,53
2023-11-27,9_4,70
2023-12-04,9_4,65
2023-12-11,9_4,50
2023-12-18,9_4,66
2023-01-02,9_5,71
2023-01-09,9_5,54
2023-01-16,9_5,64
2023-01-23,9_5,62
2023-01-30,9_5,66
2023-02-06,9_5,57
2023-02-13,9_5,62
2023-02-20,9_5,68
2023-02-27,9_5,63
2023-03-06,9_5,60
2023-03-13,9_5,66
2023-03-20,9_5,56
2023-03-27,9_5,55
2023-04-03,9_5,55
2023-04-10,9_5,68
2023-04-17,9_5,62
2023-04-24,9_5,53
2023-05-01,9_5,68
2023-05-08,9_5,56
2023-05-15,9_5,61
2023-05-22,9_5,61
2023-05-29,9_5,67
2023-06-05,9_5,66
2023-06-12,9_5,62
2023-06-19,9_5,60
2023-06-26,9_5,51
2023-07-03,9_5,64
2023-07-10,9_5,57
2023-07-17,9_5,68
2023-07-24,9_5,53
2023-07-31,9_5,56
2023-08-07,9_5,67
2023-08-14,9_5,55
2023-08-21,9_5,56
2023-08-28,9_5,59
2023-09-04,9_5,55
2023-09-11,9_5,63
2023-09-18,9_5,63
2023-09-25,9_5,59
2023-10-02,9_5,69
2023-10-09,9_5,68
2023-10-16,9_5,65
2023-10-23,9_5,56
2023-10-30,9_5,74
2023-11-06,9_5,53
2023-11-13,9_5,69
2023-11-20,9_5,52
2023-11-27,9_5,58
2023-12-04,9_5,66
2023-12-11,9_5,56
2023-12-18,9_5,54
2023-01-02,9_6,55
2023-01-09,9_6,57
2023-01-16,9_6,62
2023-01-23,9_6,55
2023-01-30,9_6,66
2023-02-06,9_6,66
2023-02-13,9_6,63
2023-02-20,9_6,64
2023-02-27,9_6,50
2023-03-06,9_6,65
2023-03-13,9_6,60
2023-03-20,9_6,67
2023-03-27,9_6,56
2023-04-03,9_6,66
2023-04-10,9_6,60
2023-04-17,9_6,67
2023-04-24,9_6,63
2023-05-01,9_6,55
2023-05-08,9_6,67
2023-05-15,9_6,56
2023-05-22,9_6,58
2023-05-29,9_6,53
2023-06-05,9_6,65
2023-06-12,9_6,62
2023-06-19,9_6,67
2023-06-26,9_6,65
2023-07-03,9_6,61
2023-07-10,9_6,58
2023-07-17,9_6,68
2023-07-24,9_6,56
2023-07-31,9_6,67
2023-08-07,9_6,64
2023-08-14,9_6,63
2023-08-21,9_6,65
2023-08-28,9_6,47
2023-09-04,9_6,74
2023-09-11,9_6,60
2023-09-18,9_6,61
2023-09-25,9_6,67
2023-10-02,9_6,56
2023-10-09,9_6,57
2023-10-16,9_6,61
2023-10-23,9_6,58
2023-10-30,9_6,60
2023-11-06,9_6,59
2023-11-13,9_6,58
2023-11-20,9_6,65
2023-11-27,9_6,53
2023-12-04,9_6,69
2023-12-11,9_6,56
2023-12-18,9_6,61
2023-01-02,9_7,56
2023-01-09,9_7,60
2023-01-16,9_7,64
2023-01-23,9_7,55
2023-01-30,9_7,59
2023-02-06,9_7,52
2023-02-13,9_7,64
2023-02-20,9_7,57
2023-02-27,9_7,66
2023-03-06,9_7,58
2023-03-13,9_7,51
2023-03-20,9_7,62
2023-03-27,9_7,61
2023-04-03,9_7,52
2023-04-10,9_7,70
2023-04-17,9_7,47
2023-04-24,9_7,69
2023-05-01,9_7,67
2023-05-08,9_7,68
2023-05-15,9_7,48
2023-05-22,9_7,70
2023-05-29,9_7,62
2023-06-05,9_7,68
2023-06-12,9_7,62
2023-06-19,9_7,56
2023-06-26,9_7,65
2023-07-03,9_7,65
2023-07-10,9_7,61
2023-07-17,9_7,56
2023-07-24,9_7,59
2023-07-31,9_7,50
2023-08-07,9_7,55
2023-08-14,9_7,56
2023-08-21,9_7,61
2023-08-28,9_7,62
2023-09-04,9_7,60
2023-09-11,9_7,56
2023-09-18,9_7,62
2023-09-25,9_7,56
2023-10-02,9_7,65
2023-10-09,9_7,60
2023-10-16,9_7,56
2023-10-23,9_7,63
2023-10-30,9_7,52
2023-11-06,9_7,61
2023-11-13,9_7,61
2023-11-20,9_7,63
2023-11-27,9_7,68
2023-12-04,9_7,65
2023-12-11,9_7,61
2023-12-18,9_7,50
2023-01-02,9_8,62
2023-01-09,9_8,59
2023-01-16,9_8,63
2023-01-23,9_8,68
2023-01-30,9_8,53
2023-02-06,9_8,57
2023-02-13,9_8,56
2023-02-20,9_8,64
2023-02-27,9_8,56
2023-03-06,9_8,58
2023-03-13,9_8,50
2023-03-20,9_8,60
2023-03-27,9_8,56
2023-04-03,9_8,69
2023-04-10,9_8,60
2023-04-17,9_8,59
2023-04-24,9_8,62
2023-05-01,9_8,59
2023-05-08,9_8,51
2023-05-15,9_8,61
2023-05-22,9_8,60
2023-05-29,9_8,51
2023-06-05,9_8,58
2023-06-12,9_8,72
2023-06-19,9_8,57
2023-06-26,9_8,62
2023-07-03,9_8,64
2023-07-10,9_8,66
2023-07-17,9_8,57
2023-07-24,9_8,52
2023-07-31,9_8,56
2023-08-07,9_8,64
2023-08-14,9_8,55
2023-08-21,9_8,69
2023-08-28,9_8,52
2023-09-04,9_8,72
2023-09-11,9_8,65
2023-09-18,9_8,51
2023-09-25,9_8,55
2023-10-02,9_8,62
2023-10-09,9_8,69
2023-10-16,9_8,60
2023-10-23,9_8,59
2023-10-30,9_8,68
2023-11-06,9_8,62
2023-11-13,9_8,64
2023-11-20,9_8,70
2023-11-27,9_8,51
2023-12-04,9_8,56
2023-12-11,9_8,63
2023-12-18,9_8,49
2023-01-02,9_9,55
2023-01-09,9_9,68
2023-01-16,9_9,59
2023-01-23,9_9,60
2023-01-30,9_9,46
2023-02-06,9_9,61
2023-02-13,9_9,60
2023-02-20,9_9,57
2023-02-27,9_9,63
2023-03-06,9_9,64
2023-03-13,9_9,60
2023-03-20,9_9,68
2023-03-27,9_9,58
2023-04-03,9_9,64
2023-04-10,9_9,65
2023-04-17,9_9,51
2023-04-24,9_9,56
2023-05-01,9_9,64
2023-05-08,9_9,71
2023-05-15,9_9,66
2023-05-22,9_9,53
2023-05-29,9_9,58
2023-06-05,9_9,58
2023-06-12,9_9,64
2023-06-19,9_9,64
2023-06-26,9_9,59
2023-07-03,9_9,61
2023-07-10,9_9,51
2023-07-17,9_9,64
2023-07-24,9_9,54
2023-07-31,9_9,65
2023-08-07,9_9,55
2023-08-14,9_9,61
2023-08-21,9_9,53
2023-08-28,9_9,66
2023-09-04,9_9,62
2023-09-11,9_9,60
2023-09-18,9_9,68
2023-09-25,9_9,61
2023-10-02,9_9,61
2023-10-09,9_9,63
2023-10-16,9_9,53
2023-10-23,9_9,64
2023-10-30,9_9,56
2023-11-06,9_9,63
2023-11-13,9_9,65
2023-11-20,9_9,59
2023-11-27,9_9,60
2023-12-04,9_9,62
2023-12-11,9_9,59
2023-12-18,9_9,65
